user_id,status_id,created_at,text,favorite_count,retweet_count,followers_count,statuses_count,ext_media_url
1384404872393633792,1387354260929605632,2021-04-28 10:33:26,"Jestem botem, który co ca. 30 min. wybiera losowo punkt w #Krakow.ie i pobiera zdjęcie satelitarne okolic. Poniżej pkt o współ.: 50.0332,20.1328
Jeśli nie poznajesz, to zobacz na mapie. https://t.co/wci5QWF1wb https://t.co/Iph5AUVHdi",0,0,21,203,http://pbs.twimg.com/media/E0DfWS5VgAAfJvk.jpg
1384404872393633792,1387340025499582466,2021-04-28 09:36:52,"Jestem botem, który co ca. 30 min. wybiera losowo punkt w #Krakow.ie i pobiera zdjęcie satelitarne okolic. Poniżej pkt o współ.: 50.0354,19.8746
Jeśli nie poznajesz, to zobacz na mapie. https://t.co/VF418AW6RI https://t.co/TpkwLyUhl9",0,0,21,203,http://pbs.twimg.com/media/E0DSZrNVgAgxnYt.jpg
1384404872393633792,1387329330720608257,2021-04-28 08:54:22,"Jestem botem, który co ca. 30 min. wybiera losowo punkt w #Krakow.ie i pobiera zdjęcie satelitarne okolic. Poniżej pkt o współ.: 50.1186,19.9006
Jeśli nie poznajesz, to zobacz na mapie. https://t.co/XOA4w6DqD5 https://t.co/UDrPUpwPo2",0,0,21,203,http://pbs.twimg.com/media/E0DIrL5UcAIXXpU.jpg
1384404872393633792,1387324372923392001,2021-04-28 08:34:40,"Jestem botem, który co ca. 30 min. wybiera losowo punkt w #Krakow.ie i pobiera zdjęcie satelitarne okolic. Poniżej pkt o współ.: 49.9923,20.1852
Jeśli nie poznajesz, to zobacz na mapie. https://t.co/NWfacRxbFs https://t.co/y2IiTx8xEg",0,0,21,203,http://pbs.twimg.com/media/E0DEKmLWYAICQg5.jpg
1384404872393633792,1387309912909393927,2021-04-28 07:37:12,"Jestem botem, który co ca. 30 min. wybiera losowo punkt w #Krakow.ie i pobiera zdjęcie satelitarne okolic. Poniżej pkt o współ.: 49.9998,19.8106
Jeśli nie poznajesz, to zobacz na mapie. https://t.co/f6yH77an9u https://t.co/DT4u0s1bWD",0,0,21,203,http://pbs.twimg.com/media/E0C3A53XsAETVAc.jpg
1384404872393633792,1387308730975408128,2021-04-28 07:32:31,"Jestem botem, który co ca. 30 min. wybiera losowo punkt w #Krakow.ie i pobiera zdjęcie satelitarne okolic. Poniżej pkt o współ.: 50.0775,20.0076
Jeśli nie poznajesz, to zobacz na mapie. https://t.co/YV91pSSqrx https://t.co/AGBGHvEDeI",0,0,21,203,http://pbs.twimg.com/media/E0C18G6XsAEZDPs.jpg
1384404872393633792,1387289248231956483,2021-04-28 06:15:06,"Jestem botem, który co ca. 30 min. wybiera losowo punkt w #Krakow.ie i pobiera zdjęcie satelitarne okolic. Poniżej pkt o współ.: 50.0025,19.8753
Jeśli nie poznajesz, to zobacz na mapie. https://t.co/XCdB8R1650 https://t.co/AoPLmZHvhM",0,0,21,203,http://pbs.twimg.com/media/E0CkODDVIAMhOCu.jpg
1384404872393633792,1387134338752552963,2021-04-27 19:59:32,"Jestem botem, który co ca. 30 min. wybiera losowo punkt w #Krakow.ie i pobiera zdjęcie satelitarne okolic. Poniżej pkt o współ.: 50.0542,20.1156
Jeśli nie poznajesz, to zobacz na mapie. https://t.co/0jHmDi4Wyq https://t.co/dHgnremKyc",0,0,21,203,http://pbs.twimg.com/media/E0AXVIiX0AkFRPv.jpg
1384404872393633792,1387129322029338634,2021-04-27 19:39:36,"Jestem botem, który co ca. 30 min. wybiera losowo punkt w #Krakow.ie i pobiera zdjęcie satelitarne okolic. Poniżej pkt o współ.: 49.9945,20.1774
Jeśli nie poznajesz, to zobacz na mapie. https://t.co/7Mav4kV6T5 https://t.co/pLEE5wRI9y",0,0,21,203,http://pbs.twimg.com/media/E0ASxILWQAAkVVJ.jpg
1384404872393633792,1387118744372187143,2021-04-27 18:57:34,"Jestem botem, który co ca. 30 min. wybiera losowo punkt w #Krakow.ie i pobiera zdjęcie satelitarne okolic. Poniżej pkt o współ.: 50.0318,20.1751
Jeśli nie poznajesz, to zobacz na mapie. https://t.co/IZTodcIZlQ https://t.co/q7OtUpLq80",0,0,21,203,http://pbs.twimg.com/media/E0AJJbVXIAATYbT.jpg
1384404872393633792,1387110199454994436,2021-04-27 18:23:37,"Jestem botem, który co ca. 30 min. wybiera losowo punkt w #Krakow.ie i pobiera zdjęcie satelitarne okolic. Poniżej pkt o współ.: 49.9748,19.8378
Jeśli nie poznajesz, to zobacz na mapie. https://t.co/SehAMAufTI https://t.co/4IDV8IwCly",0,0,21,203,http://pbs.twimg.com/media/E0ABYCWXEAE7Nnm.jpg
1384404872393633792,1387077072825163776,2021-04-27 16:11:59,"Jestem botem, który co ca. 30 min. wybiera losowo punkt w #Krakow.ie i pobiera zdjęcie satelitarne okolic. Poniżej pkt o współ.: 50.0176,20.208
Jeśli nie poznajesz, to zobacz na mapie. https://t.co/iIGtoeQbdC https://t.co/tufEBmJFt9",0,0,21,203,http://pbs.twimg.com/media/Ez_jPzhUYAUAfUF.jpg
1384404872393633792,1387071681059901440,2021-04-27 15:50:33,"Jestem botem, który co ca. 30 min. wybiera losowo punkt w #Krakow.ie i pobiera zdjęcie satelitarne okolic. Poniżej pkt o współ.: 50.0184,19.8106
Jeśli nie poznajesz, to zobacz na mapie. https://t.co/YE21uDvYNA https://t.co/WlfymQ37fv",0,0,21,203,http://pbs.twimg.com/media/Ez_eV-vUYAcwbQy.jpg
1384404872393633792,1387058958649622528,2021-04-27 15:00:00,"Jestem botem, który co ca. 30 min. wybiera losowo punkt w #Krakow.ie i pobiera zdjęcie satelitarne okolic. Poniżej pkt o współ.: 50.0009,19.878
Jeśli nie poznajesz, to zobacz na mapie. https://t.co/S5WDq6MGFE https://t.co/9ObfvuNZoL",0,0,21,203,http://pbs.twimg.com/media/Ez_SxcIVIAANY8_.jpg
1384404872393633792,1387053947953762310,2021-04-27 14:40:06,"Jestem botem, który co ca. 30 min. wybiera losowo punkt w #Krakow.ie i pobiera zdjęcie satelitarne okolic. Poniżej pkt o współ.: 50.0145,20.0655
Jeśli nie poznajesz, to zobacz na mapie. https://t.co/K97BhD36jY https://t.co/tMga3knwHO",0,0,21,203,http://pbs.twimg.com/media/Ez_ONuyXIAEne_2.jpg
1384404872393633792,1387027795025534977,2021-04-27 12:56:10,"Trochę już tych miejsc w #Krakow.ie jest. Tak na oko około 200. Na tej stronie https://t.co/Qg2yiqbqz0 Można poklikać i wszystkie obejrzeć.
Czuwaj. https://t.co/gxeg7pFMbt",1,1,21,203,http://pbs.twimg.com/media/Ez-2aF7WQAATw1y.jpg
1384404872393633792,1387013524770205697,2021-04-27 11:59:28,"Jestem botem, który co ca. 30 min. wybiera losowo punkt w #Krakow.ie i pobiera zdjęcie satelitarne okolic. Poniżej pkt o współ.: 50.0338,20.0789
Jeśli nie poznajesz, to zobacz na mapie. https://t.co/g55xg8QHXQ https://t.co/Nn5F5gcVyM",0,0,21,203,http://pbs.twimg.com/media/Ez-pc1tWUAE24k3.jpg
1384404872393633792,1387008223140536323,2021-04-27 11:38:24,"Jestem botem, który co ca. 30 min. wybiera losowo punkt w #Krakow.ie i pobiera zdjęcie satelitarne okolic. Poniżej pkt o współ.: 50.053,20.0866
Jeśli nie poznajesz, to zobacz na mapie. https://t.co/X6H0Lcrk8p https://t.co/lknRCJpyJl",0,0,21,203,http://pbs.twimg.com/media/Ez-koPBXMAMFIN6.jpg
1384404872393633792,1386999259019366401,2021-04-27 11:02:47,"Jestem botem, który co ca. 30 min. wybiera losowo punkt w #Krakow.ie i pobiera zdjęcie satelitarne okolic. Poniżej pkt o współ.: 50.1257,19.8082
Jeśli nie poznajesz, to zobacz na mapie. https://t.co/BEju7bexxZ https://t.co/OEhxjK3jDI",0,0,21,203,http://pbs.twimg.com/media/Ez-cecoUUAcsoXr.jpg
1384404872393633792,1386984396004093954,2021-04-27 10:03:43,"Jestem botem, który co ca. 30 min. wybiera losowo punkt w #Krakow.ie i pobiera zdjęcie satelitarne okolic. Poniżej pkt o współ.: 50.0927,19.8257
Jeśli nie poznajesz, to zobacz na mapie. https://t.co/N9nocSz6qY https://t.co/guTfqyPHyg",0,0,21,203,http://pbs.twimg.com/media/Ez-O9T-VkAMtsRt.jpg
1384404872393633792,1386979405092859905,2021-04-27 09:43:53,"Jestem botem, który co ca. 30 min. wybiera losowo punkt w #Krakow.ie i pobiera zdjęcie satelitarne okolic. Poniżej pkt o współ.: 50.0139,19.8677
Jeśli nie poznajesz, to zobacz na mapie. https://t.co/uceB5GC1VK https://t.co/AJbpWjSfnV",0,0,21,203,http://pbs.twimg.com/media/Ez-Ka0XXIAIZ4_l.jpg
1384404872393633792,1386969569395314690,2021-04-27 09:04:48,"Jestem botem, który co ca. 30 min. wybiera losowo punkt w #Krakow.ie i pobiera zdjęcie satelitarne okolic. Poniżej pkt o współ.: 50.0776,20.0706
Jeśli nie poznajesz, to zobacz na mapie. https://t.co/iiYqT63rY9 https://t.co/bs121dJrjk",0,0,21,203,http://pbs.twimg.com/media/Ez-BeScUUAMJIZ-.jpg
1384404872393633792,1386966094510886912,2021-04-27 08:51:00,"Jestem botem, który co ca. 30 min. wybiera losowo punkt w #Krakow.ie i pobiera zdjęcie satelitarne okolic. Poniżej pkt o współ.: 50.0666,20.207
Jeśli nie poznajesz, to zobacz na mapie. https://t.co/e5ViVVJu24 https://t.co/QktdthM4ma",0,0,21,203,http://pbs.twimg.com/media/Ez9-UBnVkAM6y4R.jpg
1384404872393633792,1386953148854685699,2021-04-27 07:59:33,"Jestem botem, który co ca. 30 min. wybiera losowo punkt w #Krakow.ie i pobiera zdjęcie satelitarne okolic. Poniżej pkt o współ.: 50.0946,20.0516
Jeśli nie poznajesz, to zobacz na mapie. https://t.co/XC74NbLZCw https://t.co/G3f9gzDnnK",0,0,21,203,http://pbs.twimg.com/media/Ez9yifeXoAA8FWu.jpg
1384404872393633792,1386948605202735105,2021-04-27 07:41:30,"Jestem botem, który co ca. 30 min. wybiera losowo punkt w #Krakow.ie i pobiera zdjęcie satelitarne okolic. Poniżej pkt o współ.: 50.0002,19.8421
Jeśli nie poznajesz, to zobacz na mapie. https://t.co/feTaWnSsFT https://t.co/hqLsaUazqC",0,0,21,203,http://pbs.twimg.com/media/Ez9uaBoVgAAkHu6.jpg
1384404872393633792,1386935878031839233,2021-04-27 06:50:56,"Jestem botem, który co ca. 30 min. wybiera losowo punkt w #Krakow.ie i pobiera zdjęcie satelitarne okolic. Poniżej pkt o współ.: 50.1009,20.1736
Jeśli nie poznajesz, to zobacz na mapie. https://t.co/bCpoAMOwOw https://t.co/2izrkmNh3e",0,0,21,203,http://pbs.twimg.com/media/Ez9i1N6VEAEu88a.jpg
1384404872393633792,1386919102153859073,2021-04-27 05:44:16,"Jestem botem, który co ca. 30 min. wybiera losowo punkt w #Krakow.ie i pobiera zdjęcie satelitarne okolic. Poniżej pkt o współ.: 50.0517,20.1499
Jeśli nie poznajesz, to zobacz na mapie. https://t.co/2ga53UZ396 https://t.co/wgp0JdEki3",0,0,21,203,http://pbs.twimg.com/media/Ez9TktXVEAAj2Xh.jpg
1384404872393633792,1386905960921243650,2021-04-27 04:52:03,"Jestem botem, który co ca. 30 min. wybiera losowo punkt w #Krakow.ie i pobiera zdjęcie satelitarne okolic. Poniżej pkt o współ.: 50.0908,20.212
Jeśli nie poznajesz, to zobacz na mapie. https://t.co/jdCseObOv2 https://t.co/9v622gP5g8",0,0,21,203,http://pbs.twimg.com/media/Ez9Hny6VIAARqoI.jpg
1384404872393633792,1386893508502454279,2021-04-27 04:02:34,"Jestem botem, który co ca. 30 min. wybiera losowo punkt w #Krakow.ie i pobiera zdjęcie satelitarne okolic. Poniżej pkt o współ.: 49.967,20.2153
Jeśli nie poznajesz, to zobacz na mapie. https://t.co/EW5FtZKVaf https://t.co/LXvvG1hPyI",0,0,21,203,http://pbs.twimg.com/media/Ez88S_IVEAAafOU.jpg
1384404872393633792,1386890768158138370,2021-04-27 03:51:40,"Jestem botem, który co ca. 30 min. wybiera losowo punkt w #Krakow.ie i pobiera zdjęcie satelitarne okolic. Poniżej pkt o współ.: 49.986,20.1818
Jeśli nie poznajesz, to zobacz na mapie. https://t.co/FKsmmpeokV https://t.co/4veabdgkyZ",0,0,21,203,http://pbs.twimg.com/media/Ez85zcjVkAADM0q.jpg
1384404872393633792,1386881499891384320,2021-04-27 03:14:51,"Jestem botem, który co ca. 30 min. wybiera losowo punkt w #Krakow.ie i pobiera zdjęcie satelitarne okolic. Poniżej pkt o współ.: 50.0041,20.1267
Jeśli nie poznajesz, to zobacz na mapie. https://t.co/HFXF7pHQYA https://t.co/ayJxb9h6vz",0,0,21,203,http://pbs.twimg.com/media/Ez8xX9KXEAI3KmI.jpg
1384404872393633792,1386871306679955456,2021-04-27 02:34:20,"Jestem botem, który co ca. 30 min. wybiera losowo punkt w #Krakow.ie i pobiera zdjęcie satelitarne okolic. Poniżej pkt o współ.: 50.102,20.0421
Jeśli nie poznajesz, to zobacz na mapie. https://t.co/jjb9C2a6BJ https://t.co/l1AqFnwfL8",0,0,21,203,http://pbs.twimg.com/media/Ez8oGn0XoAMfa8O.jpg
1384404872393633792,1386828207199072264,2021-04-26 23:43:05,"Jestem botem, który co ca. 30 min. wybiera losowo punkt w #Krakow.ie i pobiera zdjęcie satelitarne okolic. Poniżej pkt o współ.: 49.9862,20.0334
Jeśli nie poznajesz, to zobacz na mapie. https://t.co/1XDbd4w6AT https://t.co/NBWogTcebi",0,0,21,203,http://pbs.twimg.com/media/Ez8A55XXMAQARbf.jpg
1384404872393633792,1386817774341791745,2021-04-26 23:01:37,"Jestem botem, który co ca. 30 min. wybiera losowo punkt w #Krakow.ie i pobiera zdjęcie satelitarne okolic. Poniżej pkt o współ.: 50.0941,19.8616
Jeśli nie poznajesz, to zobacz na mapie. https://t.co/3NTLt9nI3M https://t.co/er9AS01Rzl",0,0,21,203,http://pbs.twimg.com/media/Ez73aovWQAU8d__.jpg
1384404872393633792,1386802072084008968,2021-04-26 21:59:14,"Jestem botem, który co ca. 30 min. wybiera losowo punkt w #Krakow.ie i pobiera zdjęcie satelitarne okolic. Poniżej pkt o współ.: 50.1102,19.9281
Jeśli nie poznajesz, to zobacz na mapie. https://t.co/vd0G97qeKj https://t.co/ZW3flGyt1g",0,0,21,203,http://pbs.twimg.com/media/Ez7pIqtXIAIipdh.jpg
1384404872393633792,1386797572010823682,2021-04-26 21:41:21,"Jestem botem, który co ca. 30 min. wybiera losowo punkt w #Krakow.ie i pobiera zdjęcie satelitarne okolic. Poniżej pkt o współ.: 50.0666,20.0646
Jeśli nie poznajesz, to zobacz na mapie. https://t.co/Y9UPXrIAGe https://t.co/xy9ZZqchRF",0,0,21,203,http://pbs.twimg.com/media/Ez7lCu4UcAAeWHU.jpg
1384404872393633792,1386773412253630466,2021-04-26 20:05:21,"Jestem botem, który co ca. 30 min. wybiera losowo punkt w #Krakow.ie i pobiera zdjęcie satelitarne okolic. Poniżej pkt o współ.: 50.0462,19.8311
Jeśli nie poznajesz, to zobacz na mapie. https://t.co/SbdtOECHYQ https://t.co/tcxdAVAbTJ",0,0,21,203,http://pbs.twimg.com/media/Ez7PEb6VkAAgNw9.jpg
1384404872393633792,1386766522077511686,2021-04-26 19:37:58,"Jestem botem, który co ca. 30 min. wybiera losowo punkt w #Krakow.ie i pobiera zdjęcie satelitarne okolic. Poniżej pkt o współ.: 50.1053,19.8774
Jeśli nie poznajesz, to zobacz na mapie. https://t.co/BdP5qJSz3l https://t.co/sHMECuXPHM",0,0,21,203,http://pbs.twimg.com/media/Ez7IzYWUYAEhW8d.jpg
1384404872393633792,1386756091401416706,2021-04-26 18:56:31,"Jestem botem, który co ca. 30 min. wybiera losowo punkt w #Krakow.ie i pobiera zdjęcie satelitarne okolic. Poniżej pkt o współ.: 50.0715,19.8127
Jeśli nie poznajesz, to zobacz na mapie. https://t.co/iOwUPGMsYf https://t.co/rxOOB2R9ac",0,0,21,203,http://pbs.twimg.com/media/Ez6_UMKWQAASoBx.jpg
1384404872393633792,1386733454725992458,2021-04-26 17:26:34,"Jestem botem, który co ca. 30 min. wybiera losowo punkt w #Krakow.ie i pobiera zdjęcie satelitarne okolic. Poniżej pkt o współ.: 50.07,20.0049
Jeśli nie poznajesz, to zobacz na mapie. https://t.co/GdsdArjO8i https://t.co/DK6aV5Q3Ew",0,0,21,203,http://pbs.twimg.com/media/Ez6qunDXEAIJTjG.jpg
1384404872393633792,1386709576452476931,2021-04-26 15:51:41,"Jestem botem, który co ca. 30 min. wybiera losowo punkt w #Krakow.ie i pobiera zdjęcie satelitarne okolic. Poniżej pkt o współ.: 50.1238,20.1642
Jeśli nie poznajesz, to zobacz na mapie. https://t.co/s7i4Xr5FR5 https://t.co/HBV4ZsHskz",0,0,21,203,http://pbs.twimg.com/media/Ez6VAvBUcAANnwg.jpg
1384404872393633792,1386696376386351105,2021-04-26 14:59:14,"Jestem botem, który co ca. 30 min. wybiera losowo punkt w #Krakow.ie i pobiera zdjęcie satelitarne okolic. Poniżej pkt o współ.: 50.0079,20.0045
Jeśli nie poznajesz, to zobacz na mapie. https://t.co/hH3sl0KNfD https://t.co/WsvKJPMiqd",0,0,21,203,http://pbs.twimg.com/media/Ez6JAVlVoAEzY4j.jpg
1384404872393633792,1386691700257607684,2021-04-26 14:40:39,"Jestem botem, który co ca. 30 min. wybiera losowo punkt w #Krakow.ie i pobiera zdjęcie satelitarne okolic. Poniżej pkt o współ.: 50.0065,20.1002
Jeśli nie poznajesz, to zobacz na mapie. https://t.co/aSWOeNf9AL https://t.co/5vxfcWoaqB",0,0,21,203,http://pbs.twimg.com/media/Ez6EwLuWYAEEh7Q.jpg
1384404872393633792,1386667272895303681,2021-04-26 13:03:35,"Jestem botem, który co ca. 30 min. wybiera losowo punkt w #Krakow.ie i pobiera zdjęcie satelitarne okolic. Poniżej pkt o współ.: 50.064,19.8003
Jeśli nie poznajesz, to zobacz na mapie. https://t.co/weGRro3CSG https://t.co/rGaL2mmH0X",0,0,21,203,http://pbs.twimg.com/media/Ez5uiUJUYAACWXZ.jpg
1384404872393633792,1386651214750765057,2021-04-26 11:59:46,"Jestem botem, który co ca. 30 min. wybiera losowo punkt w #Krakow.ie i pobiera zdjęcie satelitarne okolic. Poniżej pkt o współ.: 49.9832,19.9393
Jeśli nie poznajesz, to zobacz na mapie. https://t.co/tmhZkeE61o https://t.co/tvTm93r4it",1,0,21,203,http://pbs.twimg.com/media/Ez5f7n7VUAI8974.jpg
1384404872393633792,1386646021128654849,2021-04-26 11:39:08,"Jestem botem, który co ca. 30 min. wybiera losowo punkt w #Krakow.ie i pobiera zdjęcie satelitarne okolic. Poniżej pkt o współ.: 50.0924,20.1979
Jeśli nie poznajesz, to zobacz na mapie. https://t.co/EKdtWQ9TNp https://t.co/Qip32EDxWv",0,0,21,203,http://pbs.twimg.com/media/Ez5bNVCVkAIQMGU.jpg
1384404872393633792,1386645389995036676,2021-04-26 11:36:38,"Jestem botem, który co ca. 30 min. wybiera losowo punkt w #Krakow.ie i pobiera zdjęcie satelitarne okolic. Poniżej pkt o współ.: 50.0162,19.8712
Jeśli nie poznajesz, to zobacz na mapie. https://t.co/Vx16AfMOpD https://t.co/h1T3S3IAvN",1,0,21,203,http://pbs.twimg.com/media/Ez5aogBXsAA2Qno.png
1384404872393633792,1386636613564964865,2021-04-26 11:01:45,"Jestem botem, który co ca. 30 min. wybiera losowo punkt w #Krakow.ie i pobiera zdjęcie satelitarne okolic. Poniżej pkt o współ.: 50.1316,19.9632
Jeśli nie poznajesz, to zobacz na mapie. https://t.co/vTUbY9MxY9 https://t.co/o7woFTpJwe",0,0,21,203,http://pbs.twimg.com/media/Ez5SpuKXMAILQA4.jpg
1384404872393633792,1386632493604904965,2021-04-26 10:45:23,"Jestem botem, który co ca. 30 min. wybiera losowo punkt w #Krakow.ie i pobiera zdjęcie satelitarne okolic. Poniżej pkt o współ.: 50.0388,19.874
Jeśli nie poznajesz, to zobacz na mapie. https://t.co/QBp2NJ4Hxy https://t.co/C4G1tq7ftB",0,0,21,203,http://pbs.twimg.com/media/Ez5O537VUAA-Xtd.jpg
1384404872393633792,1386590717523410944,2021-04-26 07:59:23,"Jestem botem, który co ca. 30 min. wybiera losowo punkt w #Krakow.ie i pobiera zdjęcie satelitarne okolic. Poniżej pkt o współ.: 50.0531,20.1851
Jeśli nie poznajesz, to zobacz na mapie. https://t.co/EUzNcjJOYv https://t.co/FcP7iP5aqv",1,0,21,203,http://pbs.twimg.com/media/Ez4o6MVXIAIewib.jpg
1384404872393633792,1386573910766886918,2021-04-26 06:52:36,"Jestem botem, który co ca. 30 min. wybiera losowo punkt w #Krakow.ie i pobiera zdjęcie satelitarne okolic. Poniżej pkt o współ.: 50.114,19.822
Jeśli nie poznajesz, to zobacz na mapie. https://t.co/C8ZLtnrsNS https://t.co/MDnAeiYBFn",0,0,21,203,http://pbs.twimg.com/media/Ez4Zn7yVEAEdo42.jpg
1384404872393633792,1386560525341843459,2021-04-26 05:59:24,"Jestem botem, który co ca. 30 min. wybiera losowo punkt w #Krakow.ie i pobiera zdjęcie satelitarne okolic. Poniżej pkt o współ.: 50.0943,19.9756
Jeśli nie poznajesz, to zobacz na mapie. https://t.co/jyhbFQbj8T https://t.co/5Iyov9yAxm",0,0,21,203,http://pbs.twimg.com/media/Ez4NcxxVoAA412Z.jpg
1384404872393633792,1386557468554133504,2021-04-26 05:47:16,"Jestem botem, który co ca. 30 min. wybiera losowo punkt w #Krakow.ie i pobiera zdjęcie satelitarne okolic. Poniżej pkt o współ.: 50.0194,19.947
Jeśli nie poznajesz, to zobacz na mapie. https://t.co/jcZXmPm89h https://t.co/VdjPP4njk4",0,0,21,203,http://pbs.twimg.com/media/Ez4Kq4EVUAEzi0U.jpg
1384404872393633792,1386549763458277383,2021-04-26 05:16:39,"Jestem botem, który co ca. 30 min. wybiera losowo punkt w #Krakow.ie i pobiera zdjęcie satelitarne okolic. Poniżej pkt o współ.: 50.0037,19.9545
Jeśli nie poznajesz, to zobacz na mapie. https://t.co/bx0SDrzwxX https://t.co/vEhy3ASMDF",0,0,21,203,http://pbs.twimg.com/media/Ez4DqW_VIAIRG5Q.jpg
1384404872393633792,1386544103937110018,2021-04-26 04:54:09,"Jestem botem, który co ca. 30 min. wybiera losowo punkt w #Krakow.ie i pobiera zdjęcie satelitarne okolic. Poniżej pkt o współ.: 50.0336,20.0083
Jeśli nie poznajesz, to zobacz na mapie. https://t.co/xcQfJCq94x https://t.co/GkjCwpWP3Y",0,0,21,203,http://pbs.twimg.com/media/Ez3-g9PUYAAAae_.jpg
1384404872393633792,1386528345874128897,2021-04-26 03:51:32,"Jestem botem, który co ca. 30 min. wybiera losowo punkt w #Krakow.ie i pobiera zdjęcie satelitarne okolic. Poniżej pkt o współ.: 49.9784,20.1657
Jeśli nie poznajesz, to zobacz na mapie. https://t.co/2QsEFG6j0F https://t.co/rFuQDG8D03",0,0,21,203,http://pbs.twimg.com/media/Ez3wLtkWUAAn3i2.jpg
1384404872393633792,1386519702210498563,2021-04-26 03:17:11,"Jestem botem, który co ca. 30 min. wybiera losowo punkt w #Krakow.ie i pobiera zdjęcie satelitarne okolic. Poniżej pkt o współ.: 50.1208,19.8063
Jeśli nie poznajesz, to zobacz na mapie. https://t.co/3pO7shxwDv https://t.co/sdEyYJkucw",0,0,21,203,http://pbs.twimg.com/media/Ez3oUllXoAYpBKq.jpg
1384404872393633792,1386510214237769730,2021-04-26 02:39:29,"Jestem botem, który co ca. 30 min. wybiera losowo punkt w #Krakow.ie i pobiera zdjęcie satelitarne okolic. Poniżej pkt o współ.: 50.0244,20.0084
Jeśli nie poznajesz, to zobacz na mapie. https://t.co/bwAJ6S9Fvi https://t.co/H4yxIrMLKK",0,0,21,203,http://pbs.twimg.com/media/Ez3fsT2XsAAIzGP.jpg
1384404872393633792,1386497603848663040,2021-04-26 01:49:23,"Jestem botem, który co ca. 30 min. wybiera losowo punkt w #Krakow.ie i pobiera zdjęcie satelitarne okolic. Poniżej pkt o współ.: 50.1187,19.7984
Jeśli nie poznajesz, to zobacz na mapie. https://t.co/vuAPO4dEOb https://t.co/qwiueYNeLN",0,0,21,203,http://pbs.twimg.com/media/Ez3UOQ9VgAESFfN.jpg
1384404872393633792,1386465956516540417,2021-04-25 23:43:37,"Jestem botem, który co ca. 30 min. wybiera losowo punkt w #Krakow.ie i pobiera zdjęcie satelitarne okolic. Poniżej pkt o współ.: 50.0523,19.8121
Jeśli nie poznajesz, to zobacz na mapie. https://t.co/KLuy3yQYdm https://t.co/kIpUnOTh5V",0,0,21,203,http://pbs.twimg.com/media/Ez23cK4WQAQNxSw.jpg
1384404872393633792,1386435277439209473,2021-04-25 21:41:43,"Jestem botem, który co ca. 30 min. wybiera losowo punkt w #Krakow.ie i pobiera zdjęcie satelitarne okolic. Poniżej pkt o współ.: 50.0144,19.9842
Jeśli nie poznajesz, to zobacz na mapie. https://t.co/cFUHc3iCkF https://t.co/zKW6I51Z8w",0,0,21,203,http://pbs.twimg.com/media/Ez2biZOVoAM6THD.jpg
1384404872393633792,1386419726260178944,2021-04-25 20:39:55,"Jestem botem, który co ca. 30 min. wybiera losowo punkt w #Krakow.ie i pobiera zdjęcie satelitarne okolic. Poniżej pkt o współ.: 50.092,19.8987
Jeśli nie poznajesz, to zobacz na mapie. https://t.co/SsPKbNVeV2 https://t.co/Wmzs73sc2u",0,0,21,203,http://pbs.twimg.com/media/Ez2NZNrVgAA1VJ7.jpg
1384404872393633792,1386404671439339522,2021-04-25 19:40:06,"Jestem botem, który co ca. 30 min. wybiera losowo punkt w #Krakow.ie i pobiera zdjęcie satelitarne okolic. Poniżej pkt o współ.: 50.0184,20.1395
Jeśli nie poznajesz, to zobacz na mapie. https://t.co/E7iCF5LJb5 https://t.co/g9910XoHY6",0,0,21,203,http://pbs.twimg.com/media/Ez1_s5eVEAYvkTN.jpg
1384404872393633792,1386353160042663938,2021-04-25 16:15:25,"Jestem botem, który co ca. 30 min. wybiera losowo punkt w #Krakow.ie i pobiera zdjęcie satelitarne okolic. Poniżej pkt o współ.: 50.0971,19.7793
Jeśli nie poznajesz, to zobacz na mapie. https://t.co/AJ6UyZX0RS https://t.co/2eyfW5jCuA",0,0,21,203,http://pbs.twimg.com/media/Ez1Q2iwVIAA9OVC.jpg
1384404872393633792,1386346771371020291,2021-04-25 15:50:02,"Jestem botem, który co ca. 30 min. wybiera losowo punkt w #Krakow.ie i pobiera zdjęcie satelitarne okolic. Poniżej pkt o współ.: 50.1373,20.0851
Jeśli nie poznajesz, to zobacz na mapie. https://t.co/Z2OnmOPgdQ https://t.co/v8YaMK2zLX",0,0,21,203,http://pbs.twimg.com/media/Ez1LCqTVEAM7iUr.jpg
1384404872393633792,1386334752932777984,2021-04-25 15:02:16,"Jestem botem, który co ca. 30 min. wybiera losowo punkt w #Krakow.ie i pobiera zdjęcie satelitarne okolic. Poniżej pkt o współ.: 49.9773,20.1852
Jeśli nie poznajesz, to zobacz na mapie. https://t.co/TiWubn8du5 https://t.co/I9MTXoWQsQ",0,0,21,203,http://pbs.twimg.com/media/Ez1AHGwXoAcPo97.jpg
1384404872393633792,1386319756433797121,2021-04-25 14:02:41,"Jestem botem, który co ca. 30 min. wybiera losowo punkt w #Krakow.ie i pobiera zdjęcie satelitarne okolic. Poniżej pkt o współ.: 50.1137,19.7707
Jeśli nie poznajesz, to zobacz na mapie. https://t.co/DxhoZZDq4T https://t.co/kqQcJc2nR1",0,0,21,203,http://pbs.twimg.com/media/Ez0yeMgXsAMe2Sl.jpg
1384404872393633792,1386304208366759941,2021-04-25 13:00:54,"Jestem botem, który co ca. 30 min. wybiera losowo punkt w #Krakow.ie i pobiera zdjęcie satelitarne okolic. Poniżej pkt o współ.: 50.0186,20.2033
Jeśli nie poznajesz, to zobacz na mapie. https://t.co/U7SvDV13NS https://t.co/U1pQl1TPUW",0,0,21,203,http://pbs.twimg.com/media/Ez0kVKpVEAQkMKI.jpg
1384404872393633792,1386284195433959424,2021-04-25 11:41:22,"Jestem botem, który co ca. 30 min. wybiera losowo punkt w #Krakow.ie i pobiera zdjęcie satelitarne okolic. Poniżej pkt o współ.: 49.9911,20.1917
Jeśli nie poznajesz, to zobacz na mapie. https://t.co/P5KOClRqfT https://t.co/1qOYdBBdof",0,0,21,203,http://pbs.twimg.com/media/Ez0SISUVkAIqqjp.jpg
1384404872393633792,1386274495690907651,2021-04-25 11:02:50,"Jestem botem, który co ca. 30 min. wybiera losowo punkt w #Krakow.ie i pobiera zdjęcie satelitarne okolic. Poniżej pkt o współ.: 50.0446,19.9754
Jeśli nie poznajesz, to zobacz na mapie. https://t.co/XxPaMi9pRB https://t.co/cH1bpMI17U",0,0,21,203,http://pbs.twimg.com/media/Ez0JTrTWUAArIix.jpg
1384404872393633792,1386270633550483457,2021-04-25 10:47:29,"Jestem botem, który co ca. 30 min. wybiera losowo punkt w #Krakow.ie i pobiera zdjęcie satelitarne okolic. Poniżej pkt o współ.: 50.047,19.891
Jeśli nie poznajesz, to zobacz na mapie. https://t.co/ETU5K9ni8Z https://t.co/SEeFIIzFXv",0,0,21,203,http://pbs.twimg.com/media/Ez0Fy2WVUAM5hJ9.jpg
1384404872393633792,1386259792717516802,2021-04-25 10:04:24,"Jestem botem, który co ca. 30 min. wybiera losowo punkt w #Krakow.ie i pobiera zdjęcie satelitarne okolic. Poniżej pkt o współ.: 50.0473,19.7901
Jeśli nie poznajesz, to zobacz na mapie. https://t.co/xhNjIQUTIb https://t.co/9vynDdT9tx",0,0,21,203,http://pbs.twimg.com/media/Ezz771nVIAAZ3M2.jpg
1384404872393633792,1386255954736553985,2021-04-25 09:49:09,"Jestem botem, który co ca. 30 min. wybiera losowo punkt w #Krakow.ie i pobiera zdjęcie satelitarne okolic. Poniżej pkt o współ.: 50.0812,20.1415
Jeśli nie poznajesz, to zobacz na mapie. https://t.co/hWnvTleANX https://t.co/d8pXhqh4dC",0,0,21,203,http://pbs.twimg.com/media/Ezz4cdeX0AUlhWL.jpg
1384404872393633792,1386240926721265666,2021-04-25 08:49:26,"Jestem botem, który co ca. 30 min. wybiera losowo punkt w #Krakow.ie i pobiera zdjęcie satelitarne okolic. Poniżej pkt o współ.: 50.0463,20.1989
Jeśli nie poznajesz, to zobacz na mapie. https://t.co/mSEvSFKLvF https://t.co/78RyjWXwNW",0,0,21,203,http://pbs.twimg.com/media/EzzqxukVkAkI5VZ.jpg
1384404872393633792,1386217227679002633,2021-04-25 07:15:16,"Jestem botem, który co ca. 30 min. wybiera losowo punkt w #Krakow.ie i pobiera zdjęcie satelitarne okolic. Poniżej pkt o współ.: 50.0115,20.0179
Jeśli nie poznajesz, to zobacz na mapie. https://t.co/Is7x9zIcnC https://t.co/MulDrJyk33",0,0,21,203,http://pbs.twimg.com/media/EzzVOQiVIAcXlQq.jpg
1384404872393633792,1386212312814555138,2021-04-25 06:55:44,"Jestem botem, który co ca. 30 min. wybiera losowo punkt w #Krakow.ie i pobiera zdjęcie satelitarne okolic. Poniżej pkt o współ.: 50.063,19.9999
Jeśli nie poznajesz, to zobacz na mapie. https://t.co/cJI9MzoQ70 https://t.co/oIPR2ct69B",0,0,21,203,http://pbs.twimg.com/media/EzzQwJnVgAIYcX5.jpg
1384404872393633792,1386198933685297152,2021-04-25 06:02:34,"Jestem botem, który co ca. 30 min. wybiera losowo punkt w #Krakow.ie i pobiera zdjęcie satelitarne okolic. Poniżej pkt o współ.: 50.0007,19.9663
Jeśli nie poznajesz, to zobacz na mapie. https://t.co/Vdn79HizWb https://t.co/7r1k3hSDOF",0,0,21,203,http://pbs.twimg.com/media/EzzElZhXIAI-h1j.jpg
1384404872393633792,1386187755265282048,2021-04-25 05:18:09,"Jestem botem, który co ca. 30 min. wybiera losowo punkt w #Krakow.ie i pobiera zdjęcie satelitarne okolic. Poniżej pkt o współ.: 50.0746,20.0639
Jeśli nie poznajesz, to zobacz na mapie. https://t.co/K8T8QgMCHm https://t.co/1PuRK3R1Rc",0,0,21,203,http://pbs.twimg.com/media/Ezy6at_VoAUpeFJ.jpg
1384404872393633792,1386182410287656962,2021-04-25 04:56:55,"Jestem botem, który co ca. 30 min. wybiera losowo punkt w #Krakow.ie i pobiera zdjęcie satelitarne okolic. Poniżej pkt o współ.: 50.0299,19.9781
Jeśli nie poznajesz, to zobacz na mapie. https://t.co/DCN4NXSLCf https://t.co/3LHHagEYa9",0,0,21,203,http://pbs.twimg.com/media/Ezy1jmgXoAI-0EX.jpg
1384404872393633792,1386171677827076100,2021-04-25 04:14:16,"Jestem botem, który co ca. 30 min. wybiera losowo punkt w #Krakow.ie i pobiera zdjęcie satelitarne okolic. Poniżej pkt o współ.: 49.98,19.802
Jeśli nie poznajesz, to zobacz na mapie. https://t.co/SPrPzMEjwh https://t.co/rYePGAtHG6",0,0,21,203,http://pbs.twimg.com/media/Ezyry4BWUAIB3Zt.jpg
1384404872393633792,1386166583681331201,2021-04-25 03:54:01,"Jestem botem, który co ca. 30 min. wybiera losowo punkt w #Krakow.ie i pobiera zdjęcie satelitarne okolic. Poniżej pkt o współ.: 50.1253,20.159
Jeśli nie poznajesz, to zobacz na mapie. https://t.co/UFOdLaaq2Y https://t.co/KjN72486L6",0,0,21,203,http://pbs.twimg.com/media/EzynKX1XMAIo3zw.jpg
1384404872393633792,1386149530630901763,2021-04-25 02:46:16,"Jestem botem, który co ca. 30 min. wybiera losowo punkt w #Krakow.ie i pobiera zdjęcie satelitarne okolic. Poniżej pkt o współ.: 50.1129,20.1086
Jeśli nie poznajesz, to zobacz na mapie. https://t.co/N6008epbYK https://t.co/uZtjW6h5Iw",0,0,21,203,http://pbs.twimg.com/media/EzyXpviUYAcw59n.jpg
1384404872393633792,1386136396948144131,2021-04-25 01:54:04,"Jestem botem, który co ca. 30 min. wybiera losowo punkt w #Krakow.ie i pobiera zdjęcie satelitarne okolic. Poniżej pkt o współ.: 50.1127,19.8301
Jeśli nie poznajesz, to zobacz na mapie. https://t.co/dazClq2W6y https://t.co/JOk2DfgQZ0",0,0,21,203,http://pbs.twimg.com/media/EzyLtPPVkAINleV.jpg
1384404872393633792,1386109031803023360,2021-04-25 00:05:20,"Jestem botem, który co ca. 30 min. wybiera losowo punkt w #Krakow.ie i pobiera zdjęcie satelitarne okolic. Poniżej pkt o współ.: 50.1149,20.0488
Jeśli nie poznajesz, to zobacz na mapie. https://t.co/nfNLvCfIA9 https://t.co/LMmWwgn9L1",0,0,21,203,http://pbs.twimg.com/media/Ezxy0aaVgAYH2Rm.jpg
1384404872393633792,1386093939481055236,2021-04-24 23:05:22,"Jestem botem, który co ca. 30 min. wybiera losowo punkt w #Krakow.ie i pobiera zdjęcie satelitarne okolic. Poniżej pkt o współ.: 50.0537,19.8519
Jeśli nie poznajesz, to zobacz na mapie. https://t.co/Z0CaMkVEiM https://t.co/04MxY0IwwV",0,0,21,203,http://pbs.twimg.com/media/EzxlF7oX0AEyVHm.jpg
1384404872393633792,1386074455567339521,2021-04-24 21:47:56,"Jestem botem, który co ca. 30 min. wybiera losowo punkt w #Krakow.ie i pobiera zdjęcie satelitarne okolic. Poniżej pkt o współ.: 50.1105,19.8728
Jeśli nie poznajesz, to zobacz na mapie. https://t.co/YiVvGzcrvB https://t.co/NFi4UJE6Sr",0,0,21,203,http://pbs.twimg.com/media/EzxTXzvVkAEgZCq.jpg
1384404872393633792,1386063058825453568,2021-04-24 21:02:39,"Jestem botem, który co ca. 30 min. wybiera losowo punkt w #Krakow.ie i pobiera zdjęcie satelitarne okolic. Poniżej pkt o współ.: 50.0666,20.1508
Jeśli nie poznajesz, to zobacz na mapie. https://t.co/kFA8U1qpN5 https://t.co/impftayYoF",0,0,21,203,http://pbs.twimg.com/media/EzxJAb4VgAMIdQT.jpg
1384404872393633792,1386058124390510594,2021-04-24 20:43:03,"Jestem botem, który co ca. 30 min. wybiera losowo punkt w #Krakow.ie i pobiera zdjęcie satelitarne okolic. Poniżej pkt o współ.: 50.0899,19.9436
Jeśli nie poznajesz, to zobacz na mapie. https://t.co/tC9zYtIkHA https://t.co/l5iUOCaPuU",0,0,21,203,http://pbs.twimg.com/media/EzxEhMaXIAQCNYE.jpg
1384404872393633792,1386042376704061442,2021-04-24 19:40:28,"Jestem botem, który co ca. 30 min. wybiera losowo punkt w #Krakow.ie i pobiera zdjęcie satelitarne okolic. Poniżej pkt o współ.: 50.0997,19.8169
Jeśli nie poznajesz, to zobacz na mapie. https://t.co/aNri9HQKfJ https://t.co/XHHhzgd4Pn",0,0,21,203,http://pbs.twimg.com/media/Ezw2MkfVIAMz3BJ.jpg
1384404872393633792,1386038138758471683,2021-04-24 19:23:38,"Jestem botem, który co ca. 30 min. wybiera losowo punkt w #Krakow.ie i pobiera zdjęcie satelitarne okolic. Poniżej pkt o współ.: 49.9822,19.8723
Jeśli nie poznajesz, to zobacz na mapie. https://t.co/xXCBdsW3Hq https://t.co/cVXjgo1fCT",0,0,21,203,http://pbs.twimg.com/media/EzwyV4zXMAUBaxw.jpg
1384404872393633792,1386009262892191744,2021-04-24 17:28:53,"Jestem botem, który co ca. 30 min. wybiera losowo punkt w #Krakow.ie i pobiera zdjęcie satelitarne okolic. Poniżej pkt o współ.: 50.017,19.8617
Jeśli nie poznajesz, to zobacz na mapie. https://t.co/s4YQmjJrFD https://t.co/50ivsz3qGE",0,0,21,203,http://pbs.twimg.com/media/EzwYFGQWYAc0U1Z.jpg
1384404872393633792,1385990508317601794,2021-04-24 16:14:22,"Jestem botem, który co ca. 30 min. wybiera losowo punkt w #Krakow.ie i pobiera zdjęcie satelitarne okolic. Poniżej pkt o współ.: 50.0926,20.1197
Jeśli nie poznajesz, to zobacz na mapie. https://t.co/Jekslu5Qal https://t.co/EGlLRyfsqQ",0,0,21,203,http://pbs.twimg.com/media/EzwHBdNVgAEukai.jpg
1384404872393633792,1385957454056284164,2021-04-24 14:03:01,"Jestem botem, który co ca. 30 min. wybiera losowo punkt w #Krakow.ie i pobiera zdjęcie satelitarne okolic. Poniżej pkt o współ.: 50.0852,19.8292
Jeśli nie poznajesz, to zobacz na mapie. https://t.co/GMsKtxsog5 https://t.co/bT2jwJ6zVb",0,0,21,203,http://pbs.twimg.com/media/Ezvo9aXUcAMq779.jpg
1384404872393633792,1385941726892802052,2021-04-24 13:00:31,"Jestem botem, który co ca. 30 min. wybiera losowo punkt w #Krakow.ie i pobiera zdjęcie satelitarne okolic. Poniżej pkt o współ.: 49.9667,19.7913
Jeśli nie poznajesz, to zobacz na mapie. https://t.co/CscMVIuA6S https://t.co/jtjDt0bymB",0,0,21,203,http://pbs.twimg.com/media/Ezvap9XXsAElrq5.jpg
1384404872393633792,1385927158183251971,2021-04-24 12:02:38,"Jestem botem, który co ca. 30 min. wybiera losowo punkt w #Krakow.ie i pobiera zdjęcie satelitarne okolic. Poniżej pkt o współ.: 50.0011,19.9679
Jeśli nie poznajesz, to zobacz na mapie. https://t.co/OCQE27kCdS https://t.co/AHtBQEzAkr",0,0,21,203,http://pbs.twimg.com/media/EzvNZ-zVUAA9WO8.jpg
1384404872393633792,1385912480493305856,2021-04-24 11:04:19,"Jestem botem, który co ca. 30 min. wybiera losowo punkt w #Krakow.ie i pobiera zdjęcie satelitarne okolic. Poniżej pkt o współ.: 50.0267,20.0772
Jeśli nie poznajesz, to zobacz na mapie. https://t.co/Ru4lJqqURy https://t.co/Tok3yE0d5E",0,0,21,203,http://pbs.twimg.com/media/EzvADmnUcAAPrW7.jpg
1384404872393633792,1385908124914049024,2021-04-24 10:47:00,"Jestem botem, który co ca. 30 min. wybiera losowo punkt w #Krakow.ie i pobiera zdjęcie satelitarne okolic. Poniżej pkt o współ.: 50.1078,20.1636
Jeśli nie poznajesz, to zobacz na mapie. https://t.co/gafRnIxjyb https://t.co/2Cr80CoHjn",0,0,21,203,http://pbs.twimg.com/media/Ezu8GDxVgAQfZEI.jpg
1384404872393633792,1385897207727935490,2021-04-24 10:03:37,"Jestem botem, który co ca. 30 min. wybiera losowo punkt w #Krakow.ie i pobiera zdjęcie satelitarne okolic. Poniżej pkt o współ.: 50.0994,20.0184
Jeśli nie poznajesz, to zobacz na mapie. https://t.co/6uy9y7qS8k https://t.co/MJhYu1Hfwz",0,0,21,203,http://pbs.twimg.com/media/EzuyKpJVIAM_P6E.jpg
1384404872393633792,1385893013369413639,2021-04-24 09:46:57,"Jestem botem, który co ca. 30 min. wybiera losowo punkt w #Krakow.ie i pobiera zdjęcie satelitarne okolic. Poniżej pkt o współ.: 50.0865,19.8356
Jeśli nie poznajesz, to zobacz na mapie. https://t.co/tKctV5K5Rr https://t.co/yqcsl0CP51",0,0,21,203,http://pbs.twimg.com/media/EzuuWgnUYAIaZ6t.jpg
1384404872393633792,1385882169709637632,2021-04-24 09:03:52,"Jestem botem, który co ca. 30 min. wybiera losowo punkt w #Krakow.ie i pobiera zdjęcie satelitarne okolic. Poniżej pkt o współ.: 49.9718,19.9671
Jeśli nie poznajesz, to zobacz na mapie. https://t.co/LstDYYKOw2 https://t.co/h5Nyvonxt2",0,0,21,203,http://pbs.twimg.com/media/EzukfToWQAEwhgR.jpg
1384404872393633792,1385862729945083909,2021-04-24 07:46:37,"Jestem botem, który co ca. 30 min. wybiera losowo punkt w #Krakow.ie i pobiera zdjęcie satelitarne okolic. Poniżej pkt o współ.: 50.0947,19.9202
Jeśli nie poznajesz, to zobacz na mapie. https://t.co/e6fm3o03Wn https://t.co/wwZRDqpvxd",0,0,21,203,http://pbs.twimg.com/media/EzuSzv5UUAA5ZCC.jpg
1384404872393633792,1385855692536307719,2021-04-24 07:18:39,"Jestem botem, który co ca. 30 min. wybiera losowo punkt w #Krakow.ie i pobiera zdjęcie satelitarne okolic. Poniżej pkt o współ.: 50.0793,20.1385
Jeśli nie poznajesz, to zobacz na mapie. https://t.co/P1ceCH45gV https://t.co/lkQvTq9P6Y",0,0,21,203,http://pbs.twimg.com/media/EzuMaE0UcAEl9MA.jpg
1384404872393633792,1385849538921914368,2021-04-24 06:54:12,"Jestem botem, który co ca. 30 min. wybiera losowo punkt w #Krakow.ie i pobiera zdjęcie satelitarne okolic. Poniżej pkt o współ.: 50.0898,20.0215
Jeśli nie poznajesz, to zobacz na mapie. https://t.co/uVBthvDMZW https://t.co/elv00QFney",0,0,21,203,http://pbs.twimg.com/media/EzuGz86VoAEPyIG.jpg
1384404872393633792,1385832886473998337,2021-04-24 05:48:02,"Jestem botem, który co ca. 30 min. wybiera losowo punkt w #Krakow.ie i pobiera zdjęcie satelitarne okolic. Poniżej pkt o współ.: 50.0464,20.1718
Jeśli nie poznajesz, to zobacz na mapie. https://t.co/QqYqRy5Q5Z https://t.co/VkEedx5coH",0,0,21,203,http://pbs.twimg.com/media/Ezt3qowWYAA1M9r.jpg
1384404872393633792,1385824897843154947,2021-04-24 05:16:17,"Jestem botem, który co ca. 30 min. wybiera losowo punkt w #Krakow.ie i pobiera zdjęcie satelitarne okolic. Poniżej pkt o współ.: 50.1089,19.8312
Jeśli nie poznajesz, to zobacz na mapie. https://t.co/Qfumy9r29x https://t.co/FcAzIiAjYC",0,0,21,203,http://pbs.twimg.com/media/EztwZpEVIAEWN60.jpg
1384404872393633792,1385819580405145603,2021-04-24 04:55:09,"Jestem botem, który co ca. 30 min. wybiera losowo punkt w #Krakow.ie i pobiera zdjęcie satelitarne okolic. Poniżej pkt o współ.: 50.0523,20.0616
Jeśli nie poznajesz, to zobacz na mapie. https://t.co/Ofli7bhxn4 https://t.co/fzRHi9KZ18",0,0,21,203,http://pbs.twimg.com/media/EztrkJiUcAA8T9A.jpg
1384404872393633792,1385803870832578562,2021-04-24 03:52:44,"Jestem botem, który co ca. 30 min. wybiera losowo punkt w #Krakow.ie i pobiera zdjęcie satelitarne okolic. Poniżej pkt o współ.: 50.0577,20.0408
Jeśli nie poznajesz, to zobacz na mapie. https://t.co/7j7rYbRnWT https://t.co/sfjGz5PXa2",0,0,21,203,http://pbs.twimg.com/media/EztdRtVXoAEEUZ2.jpg
1384404872393633792,1385785256549232643,2021-04-24 02:38:46,"Jestem botem, który co ca. 30 min. wybiera losowo punkt w #Krakow.ie i pobiera zdjęcie satelitarne okolic. Poniżej pkt o współ.: 50.068,20.0493
Jeśli nie poznajesz, to zobacz na mapie. https://t.co/clcnnUkGPy https://t.co/7xS0ECjzi1",0,0,21,203,http://pbs.twimg.com/media/EztMWNXWQAA-AmI.jpg
1384404872393633792,1385772941858664449,2021-04-24 01:49:50,"Jestem botem, który co ca. 30 min. wybiera losowo punkt w #Krakow.ie i pobiera zdjęcie satelitarne okolic. Poniżej pkt o współ.: 50.0208,19.9846
Jeśli nie poznajesz, to zobacz na mapie. https://t.co/BPo529GUNI https://t.co/YyPdfUPbaE",0,0,21,203,http://pbs.twimg.com/media/EztBJaiVUAAygy5.jpg
1384404872393633792,1385746599205212160,2021-04-24 00:05:09,"Jestem botem, który co ca. 30 min. wybiera losowo punkt w #Krakow.ie i pobiera zdjęcie satelitarne okolic. Poniżej pkt o współ.: 50.1131,20.1433
Jeśli nie poznajesz, to zobacz na mapie. https://t.co/l3hP3TR5Tz https://t.co/5vpeQ1EiAy",0,0,21,203,http://pbs.twimg.com/media/EzspMDlVUAEehCX.jpg
1384404872393633792,1385742224483241985,2021-04-23 23:47:46,"Jestem botem, który co ca. 30 min. wybiera losowo punkt w #Krakow.ie i pobiera zdjęcie satelitarne okolic. Poniżej pkt o współ.: 50.0371,19.9115
Jeśli nie poznajesz, to zobacz na mapie. https://t.co/UdBqF2fhxN https://t.co/dzFkqhpyMQ",0,0,21,203,http://pbs.twimg.com/media/EzslNWVVkAkjr1o.jpg
1384404872393633792,1385716416922324993,2021-04-23 22:05:13,"Jestem botem, który co ca. 30 min. wybiera losowo punkt w #Krakow.ie i pobiera zdjęcie satelitarne okolic. Poniżej pkt o współ.: 50.0275,20.0333
Jeśli nie poznajesz, to zobacz na mapie. https://t.co/63rCGvForV https://t.co/nx0S2YDpck",0,0,21,203,http://pbs.twimg.com/media/EzsNvKjXMAMfz5I.jpg
1384404872393633792,1385711574103433218,2021-04-23 21:45:59,"Jestem botem, który co ca. 30 min. wybiera losowo punkt w #Krakow.ie i pobiera zdjęcie satelitarne okolic. Poniżej pkt o współ.: 50.0536,20.0108
Jeśli nie poznajesz, to zobacz na mapie. https://t.co/J2d2aX1MeA https://t.co/sN5lHDbniF",0,0,21,203,http://pbs.twimg.com/media/EzsJVTeXoAs8svj.jpg
1384404872393633792,1385700624809877505,2021-04-23 21:02:28,"Jestem botem, który co ca. 30 min. wybiera losowo punkt w #Krakow.ie i pobiera zdjęcie satelitarne okolic. Poniżej pkt o współ.: 50.1111,19.9266
Jeśli nie poznajesz, to zobacz na mapie. https://t.co/ivnuSJhgdZ https://t.co/V0CAQ0Ok9N",0,0,21,203,http://pbs.twimg.com/media/Ezr_YA9VEAE8J31.jpg
1384404872393633792,1385696536626044930,2021-04-23 20:46:13,"Jestem botem, który co ca. 30 min. wybiera losowo punkt w #Krakow.ie i pobiera zdjęcie satelitarne okolic. Poniżej pkt o współ.: 50.023,20.097
Jeśli nie poznajesz, to zobacz na mapie. https://t.co/liP58E0kj4 https://t.co/Cnl5BKBfkC",0,0,21,203,http://pbs.twimg.com/media/Ezr7qCAVoAMw8JW.jpg
1384404872393633792,1385685941197545473,2021-04-23 20:04:07,"Jestem botem, który co ca. 30 min. wybiera losowo punkt w #Krakow.ie i pobiera zdjęcie satelitarne okolic. Poniżej pkt o współ.: 50.0848,20.1919
Jeśli nie poznajesz, to zobacz na mapie. https://t.co/1ebqx9sU4O https://t.co/6wFm34D5DL",0,0,21,203,http://pbs.twimg.com/media/EzryBTEUUAE57fM.jpg
1384404872393633792,1385669341375565830,2021-04-23 18:58:10,"Jestem botem, który co ca. 30 min. wybiera losowo punkt w #Krakow.ie i pobiera zdjęcie satelitarne okolic. Poniżej pkt o współ.: 50.1126,20.2116
Jeśli nie poznajesz, to zobacz na mapie. https://t.co/T1U5R9lJjR https://t.co/6SN4DQbyfX",0,0,21,203,http://pbs.twimg.com/media/Ezri7DyXIAI3SQ_.jpg
1384404872393633792,1385660183817322496,2021-04-23 18:21:46,"Jestem botem, który co ca. 30 min. wybiera losowo punkt w #Krakow.ie i pobiera zdjęcie satelitarne okolic. Poniżej pkt o współ.: 50.0331,19.9421
Jeśli nie poznajesz, to zobacz na mapie. https://t.co/f6ExFrQTAO https://t.co/w9UiZrreBG",0,0,21,203,http://pbs.twimg.com/media/EzramBDVoAQw3kC.jpg
1384404872393633792,1385604402422161414,2021-04-23 14:40:07,"Jestem botem, który co ca. 30 min. wybiera losowo punkt w #Krakow.ie i pobiera zdjęcie satelitarne okolic. Poniżej pkt o współ.: 50.0364,19.9227
Jeśli nie poznajesz, to zobacz na mapie. https://t.co/fuhEAsto4W https://t.co/FaKVejvAys",0,0,21,203,http://pbs.twimg.com/media/Ezqn3HuXIAAqIQE.jpg
1384404872393633792,1385590659109687305,2021-04-23 13:45:30,"Jestem botem, który co ca. 30 min. wybiera losowo punkt w #Krakow.ie i pobiera zdjęcie satelitarne okolic. Poniżej pkt o współ.: 50.0681,19.9188
Jeśli nie poznajesz, to zobacz na mapie. https://t.co/H5y6oe6d1q https://t.co/ux4xVSKqUQ",1,0,21,203,http://pbs.twimg.com/media/EzqbXKTVEAIY4hn.jpg
1384404872393633792,1385563874825445382,2021-04-23 11:59:04,"Jestem botem, który co ca. 30 min. wybiera losowo punkt w #Krakow.ie i pobiera zdjęcie satelitarne okolic. Poniżej pkt o współ.: 50.0194,20.113
Jeśli nie poznajesz, to zobacz na mapie. https://t.co/9vjdB4nlKx https://t.co/3cGrV9mJAM",0,0,21,203,http://pbs.twimg.com/media/EzqDAF-VgAgUPJF.jpg
1384404872393633792,1385558656385622020,2021-04-23 11:38:20,"Jestem botem, który co ca. 30 min. wybiera losowo punkt w #Krakow.ie i pobiera zdjęcie satelitarne okolic. Poniżej pkt o współ.: 50.0037,19.7831
Jeśli nie poznajesz, to zobacz na mapie. https://t.co/UUBKI9M3OL https://t.co/fjR0JNilf7",0,0,21,203,http://pbs.twimg.com/media/Ezp-QUHVkAEJbrD.jpg
1384404872393633792,1385544966311608326,2021-04-23 10:43:56,"Jestem botem, który co ca. 30 min. wybiera losowo punkt w #Krakow.ie i pobiera zdjęcie satelitarne okolic. Poniżej pkt o współ.: 50.0198,20.1232
Jeśli nie poznajesz, to zobacz na mapie. https://t.co/mkohOXznj9 https://t.co/XOCfMZ4XUg",0,0,21,203,http://pbs.twimg.com/media/EzpxzfgVUAATYYH.jpg
1384404872393633792,1385534464529362945,2021-04-23 10:02:12,"Jestem botem, który co ca. 30 min. wybiera losowo punkt w #Krakow.ie i pobiera zdjęcie satelitarne okolic. Poniżej pkt o współ.: 50.0151,19.8358
Jeśli nie poznajesz, to zobacz na mapie. https://t.co/ThtE19rbDy https://t.co/SCExa9p3SY",0,0,21,203,http://pbs.twimg.com/media/EzpoQMqUcAAZVYi.jpg
1384404872393633792,1385530653123387392,2021-04-23 09:47:04,"Jestem botem, który co ca. 30 min. wybiera losowo punkt w #Krakow.ie i pobiera zdjęcie satelitarne okolic. Poniżej pkt o współ.: 50.1334,20.1948
Jeśli nie poznajesz, to zobacz na mapie. https://t.co/fr2Z52kCnf https://t.co/jZLYRLkDXJ",0,0,21,203,http://pbs.twimg.com/media/EzpkyXUVUAE3WeC.jpg
1384404872393633792,1385519441518088196,2021-04-23 09:02:31,"Jestem botem, który co ca. 30 min. wybiera losowo punkt w #Krakow.ie i pobiera zdjęcie satelitarne okolic. Poniżej pkt o współ.: 50.031,20.1574
Jeśli nie poznajesz, to zobacz na mapie. https://t.co/KOhEZu0uGf https://t.co/sZU3toXF5Z",0,0,21,203,http://pbs.twimg.com/media/EzpaltxVgAc7wqZ.jpg
1384404872393633792,1385516076306366464,2021-04-23 08:49:08,"Jestem botem, który co ca. 30 min. wybiera losowo punkt w #Krakow.ie i pobiera zdjęcie satelitarne okolic. Poniżej pkt o współ.: 50.1227,20.0019
Jeśli nie poznajesz, to zobacz na mapie. https://t.co/jUGwz5Y5Xa https://t.co/ard1VYmIbO",0,0,21,203,http://pbs.twimg.com/media/EzpXh1sVcAQcbJZ.jpg
1384404872393633792,1385503895208620032,2021-04-23 08:00:44,"Jestem botem, który co ca. 30 min. wybiera losowo punkt w #Krakow.ie i pobiera zdjęcie satelitarne okolic. Poniżej pkt o współ.: 49.981,20.0378
Jeśli nie poznajesz, to zobacz na mapie. https://t.co/BFBiNyhPyB https://t.co/kJVX5taoyC",0,0,21,203,http://pbs.twimg.com/media/EzpMc0EUUAA32MJ.jpg
1384404872393633792,1385456444263354377,2021-04-23 04:52:11,"Jestem botem, który co ca. 30 min. wybiera losowo punkt w #Krakow.ie i pobiera zdjęcie satelitarne okolic. Poniżej pkt o współ.: 50.0766,19.8685
Jeśli nie poznajesz, to zobacz na mapie. https://t.co/RcattVeZCD https://t.co/wcfrFJgtUS",0,0,21,203,http://pbs.twimg.com/media/EzohS0BWYAAHCtq.jpg
1384404872393633792,1385445844544016387,2021-04-23 04:10:04,"Jestem botem, który co ca. 30 min. wybiera losowo punkt w #Krakow.ie i pobiera zdjęcie satelitarne okolic. Poniżej pkt o współ.: 50.0596,19.9975
Jeśli nie poznajesz, to zobacz na mapie. https://t.co/F2WDmp6umF https://t.co/eWSZki11Ej",0,0,21,203,http://pbs.twimg.com/media/EzoXp1eXsAAKRO9.jpg
1384404872393633792,1385441602361913352,2021-04-23 03:53:12,"Jestem botem, który co ca. 30 min. wybiera losowo punkt w #Krakow.ie i pobiera zdjęcie satelitarne okolic. Poniżej pkt o współ.: 50.132,20.0113
Jeśli nie poznajesz, to zobacz na mapie. https://t.co/P26aFU4JP8 https://t.co/obfinwpxNW",0,0,21,203,http://pbs.twimg.com/media/EzoTy5NUcAowvgB.jpg
1384404872393633792,1385422789415297032,2021-04-23 02:38:27,"Jestem botem, który co ca. 30 min. wybiera losowo punkt w #Krakow.ie i pobiera zdjęcie satelitarne okolic. Poniżej pkt o współ.: 50.0809,20.0068
Jeśli nie poznajesz, to zobacz na mapie. https://t.co/QQNHSyrgzd https://t.co/stTrcsQhCy",0,0,21,203,http://pbs.twimg.com/media/EzoCr3ZVgAAxWlh.jpg
1384404872393633792,1385378769729249280,2021-04-22 23:43:32,"Jestem botem, który co ca. 30 min. wybiera losowo punkt w #Krakow.ie i pobiera zdjęcie satelitarne okolic. Poniżej pkt o współ.: 50.1342,19.7961
Jeśli nie poznajesz, to zobacz na mapie. https://t.co/snx3HWnMSk https://t.co/R3yAdKys6g",0,0,21,203,http://pbs.twimg.com/media/EznaplZUUAAde_C.jpg
1384404872393633792,1385368609807945729,2021-04-22 23:03:10,"Jestem botem, który co ca. 30 min. wybiera losowo punkt w #Krakow.ie i pobiera zdjęcie satelitarne okolic. Poniżej pkt o współ.: 50.1326,20.1327
Jeśli nie poznajesz, to zobacz na mapie. https://t.co/E3REOr6kru https://t.co/eK48vtMwUM",0,0,21,203,http://pbs.twimg.com/media/EznRaJiVIAIMqSm.jpg
1384404872393633792,1385353306311069696,2021-04-22 22:02:21,"Jestem botem, który co ca. 30 min. wybiera losowo punkt w #Krakow.ie i pobiera zdjęcie satelitarne okolic. Poniżej pkt o współ.: 49.9788,19.9979
Jeśli nie poznajesz, to zobacz na mapie. https://t.co/hBJUNH9pij https://t.co/cqjKUEF11K",0,0,21,203,http://pbs.twimg.com/media/EznDfXdVkAIdeWR.jpg
1384404872393633792,1385348298249183236,2021-04-22 21:42:27,"Jestem botem, który co ca. 30 min. wybiera losowo punkt w #Krakow.ie i pobiera zdjęcie satelitarne okolic. Poniżej pkt o współ.: 50.0935,19.964
Jeśli nie poznajesz, to zobacz na mapie. https://t.co/wqF8UN03KE https://t.co/23NBbG24bX",0,0,21,203,http://pbs.twimg.com/media/Ezm-74aVcAALvk7.jpg
1384404872393633792,1385337853366837251,2021-04-22 21:00:57,"Jestem botem, który co ca. 30 min. wybiera losowo punkt w #Krakow.ie i pobiera zdjęcie satelitarne okolic. Poniżej pkt o współ.: 50.0763,20.1951
Jeśli nie poznajesz, to zobacz na mapie. https://t.co/l8AjrgTzSA https://t.co/6SQJsiin1I",0,0,21,203,http://pbs.twimg.com/media/Ezm1b6-VkAc4-ex.jpg
1384404872393633792,1385332582452109313,2021-04-22 20:40:00,"Jestem botem, który co ca. 30 min. wybiera losowo punkt w #Krakow.ie i pobiera zdjęcie satelitarne okolic. Poniżej pkt o współ.: 49.9687,20.1957
Jeśli nie poznajesz, to zobacz na mapie. https://t.co/XWXu9h5L3U https://t.co/kFMVVIvDVd",0,0,21,203,http://pbs.twimg.com/media/EzmwpH-VcAM9zD0.jpg
1384404872393633792,1385323092432474114,2021-04-22 20:02:17,"Jestem botem, który co ca. 30 min. wybiera losowo punkt w #Krakow.ie i pobiera zdjęcie satelitarne okolic. Poniżej pkt o współ.: 50.018,20.1372
Jeśli nie poznajesz, to zobacz na mapie. https://t.co/wApl5fSOEn https://t.co/6laDKlUt1V",0,0,21,203,http://pbs.twimg.com/media/EzmoAtHVIAI0kHY.jpg
1384404872393633792,1385317952006725637,2021-04-22 19:41:52,"Jestem botem, który co ca. 30 min. wybiera losowo punkt w #Krakow.ie i pobiera zdjęcie satelitarne okolic. Poniżej pkt o współ.: 50.0465,19.8908
Jeśli nie poznajesz, to zobacz na mapie. https://t.co/Lrc6Uk4THJ https://t.co/PNxSuDKzRm",0,0,21,203,http://pbs.twimg.com/media/EzmjVf0UYAA4CSN.jpg
1384404872393633792,1385306958480089089,2021-04-22 18:58:11,"Jestem botem, który co ca. 30 min. wybiera losowo punkt w #Krakow.ie i pobiera zdjęcie satelitarne okolic. Poniżej pkt o współ.: 49.9679,19.7922
Jeśli nie poznajesz, to zobacz na mapie. https://t.co/82ZKYYLHku https://t.co/Ed8S5M64Yg",0,0,21,203,http://pbs.twimg.com/media/EzmZVmDVIAI0jNH.jpg
1384404872393633792,1385293664381915139,2021-04-22 18:05:21,"Jestem botem, który co ca. 30 min. wybiera losowo punkt w #Krakow.ie i pobiera zdjęcie satelitarne okolic. Poniżej pkt o współ.: 49.9673,20.0653
Jeśli nie poznajesz, to zobacz na mapie. https://t.co/18qvKKRqGb https://t.co/x9HWg4y9qp",0,0,21,203,http://pbs.twimg.com/media/EzmNPviVEAAKaZS.jpg
1384404872393633792,1385264945881927681,2021-04-22 16:11:14,"Jestem botem, który co ca. 30 min. wybiera losowo punkt w #Krakow.ie i pobiera zdjęcie satelitarne okolic. Poniżej pkt o współ.: 50.0218,20.154
Jeśli nie poznajesz, to zobacz na mapie. https://t.co/5g9ZleFvDF https://t.co/TIw55Rb1xZ",1,0,21,203,http://pbs.twimg.com/media/EzlzIJ1XoAoySGg.jpg
1384404872393633792,1385258708104404992,2021-04-22 15:46:27,"Jestem botem, który co ca. 30 min. wybiera losowo punkt w #Krakow.ie i pobiera zdjęcie satelitarne okolic. Poniżej pkt o współ.: 50.0572,19.7909
Jeśli nie poznajesz, to zobacz na mapie. https://t.co/XgWaikdOp8 https://t.co/Wgz9qzWq7f",0,0,21,203,http://pbs.twimg.com/media/EzltdEmUcAk3aqu.jpg
1384404872393633792,1385246840686202883,2021-04-22 14:59:18,"Jestem botem, który co ca. 30 min. wybiera losowo punkt w #Krakow.ie i pobiera zdjęcie satelitarne okolic. Poniżej pkt o współ.: 50.0895,19.7829
Jeśli nie poznajesz, to zobacz na mapie. https://t.co/1EYhESpS3o https://t.co/QMLmUjZnjK",0,0,21,203,http://pbs.twimg.com/media/EzliqOpUYAYrXY4.jpg
1384404872393633792,1385238716613021703,2021-04-22 14:27:01,"Mój Papa @dziennikarz, zrobił mi mapę z punktami, które już były. Można se poklikać.
https://t.co/Qg2yiqbqz0 https://t.co/9N7bBGeIwI",2,1,21,203,http://pbs.twimg.com/media/Ezla_arXEAUSiv0.jpg
1384404872393633792,1385231807428370432,2021-04-22 13:59:33,"Jestem botem, który co ca. 30 min. wybiera losowo punkt w #Krakow.ie i pobiera zdjęcie satelitarne okolic. Poniżej pkt o współ.: 50.0946,19.89
Jeśli nie poznajesz, to zobacz na mapie. https://t.co/yzVKfdafZ8 https://t.co/T4PChPsccn",0,0,21,203,http://pbs.twimg.com/media/EzlU_MbXsAQuEiQ.jpg
1384404872393633792,1385228367541293065,2021-04-22 13:45:53,"Jestem botem, który co ca. 30 min. wybiera losowo punkt w #Krakow.ie i pobiera zdjęcie satelitarne okolic. Poniżej pkt o współ.: 50.0973,20.105
Jeśli nie poznajesz, to zobacz na mapie. https://t.co/6g2tmVdBs9 https://t.co/I92zGwdWGx",0,0,21,203,http://pbs.twimg.com/media/EzlR3AbXIAodlRN.jpg
1384404872393633792,1385217548271067138,2021-04-22 13:02:54,"Jestem botem, który co ca. 30 min. wybiera losowo punkt w #Krakow.ie i pobiera zdjęcie satelitarne okolic. Poniżej pkt o współ.: 50.1114,19.8639
Jeśli nie poznajesz, to zobacz na mapie. https://t.co/KXhYOn9kg1 https://t.co/aVpviiTmgx",0,0,21,203,http://pbs.twimg.com/media/EzlIBQfUcAAei4r.jpg
1384404872393633792,1385196239524827138,2021-04-22 11:38:13,"Jestem botem, który co ca. 30 min. wybiera losowo punkt w #Krakow.ie i pobiera zdjęcie satelitarne okolic. Poniżej pkt o współ.: 50.0368,19.9517
Jeśli nie poznajesz, to zobacz na mapie. https://t.co/Lqeld7GdnE https://t.co/Yr0ESmcEx2",0,0,21,203,http://pbs.twimg.com/media/Ezk0o5MUUAMCoCS.jpg
1384404872393633792,1385188001051856899,2021-04-22 11:05:29,"Jestem botem, który co ca. 30 min. wybiera losowo punkt w #Krakow.ie i pobiera zdjęcie satelitarne okolic. Poniżej pkt o współ.: 50.0052,20.1104
Jeśli nie poznajesz, to zobacz na mapie. https://t.co/eNxORbvjEb https://t.co/VjV0YqXQWc",1,0,21,203,http://pbs.twimg.com/media/EzktJXEVIAMWqYG.jpg
1384404872393633792,1385182556363005956,2021-04-22 10:43:51,"Jestem botem, który co ca. 30 min. wybiera losowo punkt w #Krakow.ie i pobiera zdjęcie satelitarne okolic. Poniżej pkt o współ.: 50.1099,19.9141
Jeśli nie poznajesz, to zobacz na mapie. https://t.co/jWlxNvK7Zs https://t.co/YW8EYCqjPm",2,0,21,203,http://pbs.twimg.com/media/EzkoMZoVIAcopkG.jpg
1384404872393633792,1385172211657416708,2021-04-22 10:02:45,"Współrzędne geograficzne: 50.0717,20.0225 #Kraków
https://t.co/ITFeGwcoDo https://t.co/ZtocKDMPYy",0,0,21,203,http://pbs.twimg.com/media/EzkeyTYVkAc-IFx.jpg
1384404872393633792,1385156796717801474,2021-04-22 09:01:29,"Współrzędne geograficzne: 50.055,19.9518 #Kraków
https://t.co/nwDcgcdqX8 https://t.co/5XUAHkLqdB",0,0,21,203,http://pbs.twimg.com/media/EzkQxCoVcAA5yqD.jpg
1384404872393633792,1385136944879865857,2021-04-22 07:42:36,"Współrzędne geograficzne: 50.0923,20.0603 #Kraków
https://t.co/T6Qa1NjaOl https://t.co/rAOQLcctLe",0,0,21,203,http://pbs.twimg.com/media/Ezj-tgHVIAMd8Gf.jpg
1384404872393633792,1385129602763214848,2021-04-22 07:13:26,"Współrzędne geograficzne: 50.0903,20.0422 #Kraków
https://t.co/alZQoFUGtk https://t.co/PT4fEn4vp5",0,0,21,203,http://pbs.twimg.com/media/Ezj4CIYUcAM30Ou.jpg
1384404872393633792,1385124014033571840,2021-04-22 06:51:13,"Współrzędne geograficzne: 50.0954,20.035 #Kraków
https://t.co/m1NoyNdgdZ https://t.co/15vExH0M8L",0,0,21,203,http://pbs.twimg.com/media/Ezjy81YVIAI-lnT.jpg
1384404872393633792,1385110971719372801,2021-04-22 05:59:24,"Współrzędne geograficzne: 50.086,20.0423 #Kraków
https://t.co/Fv1UlkczKk https://t.co/pr4TLmJGEp",0,0,21,203,http://pbs.twimg.com/media/EzjnFrlUcAEO2fY.jpg
1384404872393633792,1385107698614640641,2021-04-22 05:46:24,"Współrzędne geograficzne: 50.0722,20.0566 #Kraków
https://t.co/Ej9bQiJChp https://t.co/W4CdnyPQdI",0,0,21,203,http://pbs.twimg.com/media/EzjkHKRVoAM2NBM.jpg
1384404872393633792,1385099299730575361,2021-04-22 05:13:01,"Współrzędne geograficzne: 50.0741,20.0854 #Kraków
https://t.co/1a4NMydSJX https://t.co/CI3hgYHIIb",0,0,21,203,http://pbs.twimg.com/media/EzjceR5VkAIIZV5.jpg
1384404872393633792,1385083394216714242,2021-04-22 04:09:49,"Współrzędne geograficzne: 50.0938,19.9873 #Kraków
https://t.co/HCNlZwnqPV https://t.co/9GVwlcmV9n",0,0,21,203,http://pbs.twimg.com/media/EzjOAdiUUAIz2CN.jpg
1384404872393633792,1385078153266139139,2021-04-22 03:48:59,"Współrzędne geograficzne: 50.0964,20.0862 #Kraków
https://t.co/QCX2YOWNzG https://t.co/cBSPzSwZNz",0,0,21,203,http://pbs.twimg.com/media/EzjJPZhVUAcQS5Y.jpg
1384404872393633792,1385070047618420736,2021-04-22 03:16:47,"Współrzędne geograficzne: 50.0761,20.0144 #Kraków
https://t.co/NNObph1e68 https://t.co/CkT0mJXlk7",0,0,21,203,http://pbs.twimg.com/media/EzjB3j_VEAQEkN3.jpg
1384404872393633792,1385060186864320517,2021-04-22 02:37:36,"Współrzędne geograficzne: 50.0959,20.0514 #Kraków
https://t.co/e5YSbL1oty https://t.co/GLQjIsfDH8",1,0,21,203,http://pbs.twimg.com/media/Ezi45l1VIAEa187.jpg
1384404872393633792,1385027916984033281,2021-04-22 00:29:22,"Współrzędne geograficzne: 50.0604,20.0019 #Kraków
https://t.co/Xgetr9LipV https://t.co/0IKr40KbyT",0,0,21,203,http://pbs.twimg.com/media/EzibjOtVUAIRkgQ.jpg
1384404872393633792,1385016480991891463,2021-04-21 23:43:56,"Współrzędne geograficzne: 50.0862,20.0402 #Kraków
https://t.co/TV1NJK49yw https://t.co/rPM65a0FDT",0,0,21,203,http://pbs.twimg.com/media/EziRJk0VUAMD-ts.jpg
1384404872393633792,1385001964757569539,2021-04-21 22:46:15,"Współrzędne geograficzne: 50.0986,20.076 #Kraków
https://t.co/VJoHVH14Wf https://t.co/0wWkDRTkfr",0,0,21,203,http://pbs.twimg.com/media/EziD8oeWEAA6SKg.jpg
1384404872393633792,1384990151407849475,2021-04-21 21:59:18,"Współrzędne geograficzne: 50.0465,20.0788 #Kraków
https://t.co/S7YOQWIIen https://t.co/4pvXYhdtkX",0,0,21,203,http://pbs.twimg.com/media/Ezh5M_5UcAc1wXE.jpg
1384404872393633792,1384986463629053953,2021-04-21 21:44:39,"Współrzędne geograficzne: 50.0792,19.9502 #Kraków
https://t.co/AyEAXYnvNg https://t.co/Sira1vipeE",0,0,21,203,http://pbs.twimg.com/media/Ezh12VLVkAMoJev.jpg
1384404872393633792,1384975004530528260,2021-04-21 20:59:07,"Współrzędne geograficzne: 50.0523,19.9581 #Kraków
https://t.co/Fxvh48yIwa https://t.co/FfCW3mICaE",0,0,21,203,http://pbs.twimg.com/media/EzhrbUVX0AcfIWF.jpg
1384404872393633792,1384959963441815556,2021-04-21 19:59:21,"Współrzędne geograficzne: 50.0736,20.0037 #Kraków
https://t.co/fKZ07HaQaX https://t.co/1Lw9mspCan",0,0,21,203,http://pbs.twimg.com/media/EzhdvyQUcAAVdXT.jpg
1384404872393633792,1384950164692029442,2021-04-21 19:20:25,"Współrzędne geograficzne: 50.0512,19.9531 #Kraków
https://t.co/ogUrDXqksY https://t.co/vSgvNgYwnn",0,0,21,203,http://pbs.twimg.com/media/EzhU1dUVcAAOoXg.jpg
1384404872393633792,1384929579958165505,2021-04-21 17:58:37,"Współrzędne geograficzne: 50.0636,20.0397 #Kraków
https://t.co/J7a1dfQ9ur https://t.co/wErnfDHKVo",0,0,21,203,http://pbs.twimg.com/media/EzhCHQ8VcAMMGvD.jpg
1384404872393633792,1384919351665516546,2021-04-21 17:17:58,"Współrzędne geograficzne: 50.0972,19.9695 #Kraków
https://t.co/rNvCPCi0KY https://t.co/rEvFW7tIQs",0,0,21,203,http://pbs.twimg.com/media/Ezg4z7BXIAUr6Oh.jpg
1384404872393633792,1384902811050205184,2021-04-21 16:12:15,"Współrzędne geograficzne: 50.0538,19.9537 #Kraków
https://t.co/IIqfCt5IEM https://t.co/CTVzTIZbXY",0,0,21,203,http://pbs.twimg.com/media/EzgpxIAXsAIaPHf.jpg
1384404872393633792,1384885228137816068,2021-04-21 15:02:22,"Współrzędne geograficzne: 50.0862,20.0624 #Kraków
https://t.co/pkkQH6a2wA https://t.co/oY2gy1s3dx",0,0,21,203,http://pbs.twimg.com/media/EzgZxn6UcAMeAfr.jpg
1384404872393633792,1384869397030899714,2021-04-21 13:59:28,"Współrzędne geograficzne: 50.0951,20.0276 #Kraków
https://t.co/07d52gtD8U https://t.co/sF3Y6kvuCs",0,0,21,203,http://pbs.twimg.com/media/EzgLYFMUYAUo6zD.jpg
1384404872393633792,1384866986652360706,2021-04-21 13:49:53,"Współrzędne geograficzne: 50.0929,20.0471 #Kraków
https://t.co/AnWwb5fYbq https://t.co/hggauIjklf",0,0,21,203,http://pbs.twimg.com/media/EzgJL28UUAEt5bg.jpg
1384404872393633792,1384853805225988097,2021-04-21 12:57:31,"Współrzędne geograficzne: 50.0653,20.0751 #Kraków
https://t.co/kupVAWrrG7 https://t.co/biBh7hpM0R",0,0,21,203,http://pbs.twimg.com/media/Ezf9MnBVgAETSGu.jpg
1384404872393633792,1384833750597394432,2021-04-21 11:37:49,"Współrzędne geograficzne: 50.0634,19.9778 #Kraków
https://t.co/Awl3XNscY5 https://t.co/TDuXtm8x8F",0,0,21,203,http://pbs.twimg.com/media/Ezfq9SOUUAIlFjS.jpg
1384404872393633792,1384824744793370626,2021-04-21 11:02:02,"Współrzędne geograficzne: 50.0827,19.9511 #Kraków
https://t.co/Uy8NxkAnde https://t.co/roAFsYgbg5",0,0,21,203,http://pbs.twimg.com/media/EzfixDlVkAEAtJf.jpg
1384404872393633792,1384809330206134275,2021-04-21 10:00:47,"Współrzędne geograficzne: 50.0851,20.0438 #Kraków
https://t.co/8qiqFtJNJW https://t.co/1iWiMfbP0K",0,0,21,203,http://pbs.twimg.com/media/EzfUvyAVkAE5WVp.jpg
1384404872393633792,1384805776724664320,2021-04-21 09:46:40,"Współrzędne geograficzne: 50.0503,20.0752 #Kraków
https://t.co/tOShVX7ynZ https://t.co/7YemciDT5C",0,0,21,203,http://pbs.twimg.com/media/EzfRg-hVcAs6Ukf.jpg
1384404872393633792,1384794256494104581,2021-04-21 09:00:53,"Współrzędne geograficzne: 50.0871,19.987 #Kraków
https://t.co/7AbCCtkJaQ https://t.co/L9SUqdOsTO",0,0,21,203,http://pbs.twimg.com/media/EzfHCZyVcAgS0l7.jpg
1384404872393633792,1384790525895532544,2021-04-21 08:46:04,"Współrzędne geograficzne: 50.0511,20.0754 #Kraków
https://t.co/CLT6i1JHri https://t.co/mYPFAjci9N",0,0,21,203,http://pbs.twimg.com/media/EzfDpSiUcAAzizz.jpg
1384404872393633792,1384779159780528135,2021-04-21 08:00:54,"Współrzędne geograficzne: 50.0435,20.0836 #Kraków
https://t.co/FDPidmPG2A https://t.co/GlfkqbE5i9",0,0,21,203,http://pbs.twimg.com/media/Eze5TpcVUAAe1Sl.jpg
1384404872393633792,1384748555026501632,2021-04-21 05:59:17,"Współrzędne geograficzne: 50.0856,19.9214 #Kraków
https://t.co/YcFF1arHyv https://t.co/cqWTf5i5xJ",0,0,21,203,http://pbs.twimg.com/media/EzedeQTXIAEa1xe.jpg
1384404872393633792,1384744774897262601,2021-04-21 05:44:16,"Współrzędne geograficzne: 50.0699,20.0283 #Kraków
https://t.co/dVU8KHZQQE https://t.co/ky7kVBzKh2",0,0,21,203,http://pbs.twimg.com/media/EzeaCNGVcAUo-ey.jpg
1384404872393633792,1384737089128833026,2021-04-21 05:13:43,"Współrzędne geograficzne: 50.0543,20.0137 #Kraków
https://t.co/Ih8JbfiPit https://t.co/5OzeTQKi3S",0,0,21,203,http://pbs.twimg.com/media/EzeTC0kVEAETiw8.jpg
1384404872393633792,1384731365648699395,2021-04-21 04:50:59,"Współrzędne geograficzne: 50.0866,19.9651 #Kraków
https://t.co/NqLE85Iodu https://t.co/ODSP4rAsj2",0,0,21,203,http://pbs.twimg.com/media/EzeN1rTUYAMoD3g.jpg
1384404872393633792,1384715541516939266,2021-04-21 03:48:06,"Współrzędne geograficzne: 50.0588,19.9774 #Kraków
https://t.co/XwmrnvVM4d https://t.co/teLce7o1gz",0,0,21,203,http://pbs.twimg.com/media/Ezd_clVVkAMXbpQ.jpg
1384404872393633792,1384707405137645570,2021-04-21 03:15:46,"Współrzędne geograficzne: 50.0781,20.0205 #Kraków
https://t.co/XU9dkLFunz https://t.co/I6DLpWaBib",0,0,21,203,http://pbs.twimg.com/media/Ezd4C_gVkAE3cr2.jpg
1384404872393633792,1384696843301392388,2021-04-21 02:33:48,"Współrzędne geograficzne: 50.0932,19.9706 #Kraków
https://t.co/mSTr3AMxI9 https://t.co/Xpy4eyAPuB",0,0,21,203,http://pbs.twimg.com/media/EzducNtVgAMXN7J.jpg
1384404872393633792,1384641526945312770,2021-04-20 22:54:00,"Współrzędne geograficzne: 50.0533,20.0032 #Kraków
https://t.co/bbLQD5Y4ap https://t.co/XKXJAHxygo",0,0,21,203,http://pbs.twimg.com/media/Ezc8IXEVEAcg87r.jpg
1384404872393633792,1384627789526011909,2021-04-20 21:59:24,"Współrzędne geograficzne: 50.1007,19.9975 #Kraków
https://t.co/SWzSMJbyJo https://t.co/Frf9iney0k",0,0,21,203,http://pbs.twimg.com/media/EzcvovWVoAkSGMO.jpg
1384404872393633792,1384623132489748481,2021-04-20 21:40:54,"Współrzędne geograficzne: 50.06,19.923 #Kraków
https://t.co/sn3yxHQWS4 https://t.co/tfkQx6bj2i",1,0,21,203,http://pbs.twimg.com/media/EzcrZr7WQAAJ8Fe.jpg
1384404872393633792,1384612724525592576,2021-04-20 20:59:33,"Współrzędne geograficzne: 50.0645,20.0152 #Kraków
https://t.co/ECnP3PXMaK https://t.co/pY7XbL3PtY",0,0,21,203,http://pbs.twimg.com/media/Ezch722VEAAuvtn.jpg
1384404872393633792,1384607520258465794,2021-04-20 20:38:52,"Współrzędne geograficzne: 50.0606,20.0809 #Kraków
https://t.co/irElv6D5SV https://t.co/3Xqq4dhFUR",0,0,21,203,http://pbs.twimg.com/media/EzcdM8PWUAg6oJa.jpg
1384404872393633792,1384598527729291267,2021-04-20 20:03:08,"Współrzędne geograficzne50.0803,19.9316#Kraków
https://t.co/deUmCYFam2 https://t.co/ZFO4U5qdxV",0,0,21,203,http://pbs.twimg.com/media/EzcVBeCVEAUTxXc.jpg
1384404872393633792,1384592744547426304,2021-04-20 19:40:09,"50.0747, 20.0157
https://t.co/V98KIqW6tR https://t.co/jf6ujw4A91",0,0,21,203,http://pbs.twimg.com/media/EzcPw4PVIAEZeUk.jpg
1384404872393633792,1384570169813606400,2021-04-20 18:10:27,"50.0814, 19.9344
https://t.co/3ZKWGvXwQc https://t.co/7dDNBJnkSh",0,0,21,203,http://pbs.twimg.com/media/Ezb7O0MXEAAlcv9.jpg
1384404872393633792,1384555169614995456,2021-04-20 17:10:50,"50.0491, 20.0361
https://t.co/3quANSvz41 https://t.co/Z13YolvJx6",0,0,21,203,http://pbs.twimg.com/media/EzbtloZWQAAUWk0.jpg
1384404872393633792,1384541965606440964,2021-04-20 16:18:22,"50.0926, 19.9398
https://t.co/t9MiGEHdEz https://t.co/YxDiENAZUy",0,0,21,203,http://pbs.twimg.com/media/EzbhlHQWEAAD-pk.jpg
1384404872393633792,1387378077785862145,2021-04-28 12:08:04,"Jestem botem, który co ca. 30 min. wybiera losowo punkt w #Krakow.ie i pobiera zdjęcie satelitarne okolic. Poniżej pkt o współ.: 49.97,19.9011
Jeśli nie poznajesz, to zobacz na mapie. https://t.co/pBCDHRl3UZ https://t.co/uaa78WRaQB",0,0,21,206,http://pbs.twimg.com/media/E0D1AngXoAIaRs-.jpg
1384404872393633792,1387374949262716934,2021-04-28 11:55:38,"Jestem botem, który co ca. 30 min. wybiera losowo punkt w #Krakow.ie i pobiera zdjęcie satelitarne okolic. Poniżej pkt o współ.: 50.0123,19.9345
Jeśli nie poznajesz, to zobacz na mapie. https://t.co/Dsk84mJvaH https://t.co/cF1IBjxNer",0,0,21,206,http://pbs.twimg.com/media/E0DyKgsX0AAg4nP.jpg
1384404872393633792,1387374116122939396,2021-04-28 11:52:20,"Jestem botem, który co ca. 30 min. wybiera losowo punkt w #Krakow.ie i pobiera zdjęcie satelitarne okolic. Poniżej pkt o współ.: 50.0181,19.88
Jeśli nie poznajesz, to zobacz na mapie. https://t.co/KOIpsG75Nl https://t.co/ik5ehHF5ss",0,0,21,206,http://pbs.twimg.com/media/E0DxaASXoAsUTbm.jpg
1384404872393633792,1387395597204922369,2021-04-28 13:17:41,"Jestem botem, który co ca. 30 min. wybiera losowo punkt w #Krakow.ie i pobiera zdjęcie satelitarne okolic. Poniżej pkt o współ.: 49.9835,20.1352
Jeśli nie poznajesz, to zobacz na mapie. https://t.co/ipTKiyU4yM https://t.co/vsXpeJ4gIj",0,0,21,207,http://pbs.twimg.com/media/E0EE8YqXsAMTvOI.jpg
1384404872393633792,1387405305223565315,2021-04-28 13:56:16,"Jestem botem, który co ca. 30 min. wybiera losowo punkt w #Krakow.ie i pobiera zdjęcie satelitarne okolic. Poniżej pkt o współ.: 50.063,20.0124
Jeśli nie poznajesz, to zobacz na mapie. https://t.co/9pwlfNO0Zr https://t.co/hjLOhBPzz1",0,0,21,208,http://pbs.twimg.com/media/E0ENxeGX0AANIpL.jpg
1384404872393633792,1387420536200904705,2021-04-28 14:56:47,"Jestem botem, który co ca. 30 min. wybiera losowo punkt w #Krakow.ie i pobiera zdjęcie satelitarne okolic. Poniżej pkt o współ.: 50.0592,19.8879
Jeśli nie poznajesz, to zobacz na mapie. https://t.co/SHi0ZFig6x https://t.co/Z57w0NgRrl",0,0,21,209,http://pbs.twimg.com/media/E0EboB6WQAEsfiC.jpg
1384404872393633792,1387437486230573059,2021-04-28 16:04:08,"Jestem botem, który co ca. 30 min. wybiera losowo punkt w #Krakow.ie i pobiera zdjęcie satelitarne okolic. Poniżej pkt o współ.: 50.0571,19.9053
Jeśli nie poznajesz, to zobacz na mapie. https://t.co/hfCFZIR1bl https://t.co/1RhSg8H9Ok",0,0,21,210,http://pbs.twimg.com/media/E0ErCovVEAI6X3s.jpg
1384404872393633792,1387461209021198337,2021-04-28 17:38:24,"Jestem botem, który co ca. 30 min. wybiera losowo punkt w #Krakow.ie i pobiera zdjęcie satelitarne okolic. Poniżej pkt o współ.: 50.0464,19.9084
Jeśli nie poznajesz, to zobacz na mapie. https://t.co/O4DQZkFmEO https://t.co/dALbpN6MFO",0,0,21,211,http://pbs.twimg.com/media/E0FAnZzWEAAtQqV.jpg
1384404872393633792,1387472148927635456,2021-04-28 18:21:52,"Jestem botem, który co ca. 30 min. wybiera losowo punkt w #Krakow.ie i pobiera zdjęcie satelitarne okolic. Poniżej pkt o współ.: 50.0678,19.9521
Jeśli nie poznajesz, to zobacz na mapie. https://t.co/KgB3uN8fr0 https://t.co/rcVI2A2SPm",0,0,21,212,http://pbs.twimg.com/media/E0FKkRcVkAIkEO1.jpg
1384404872393633792,1387485609921495046,2021-04-28 19:15:22,"Jestem botem, który co ca. 30 min. wybiera losowo punkt w #Krakow.ie i pobiera zdjęcie satelitarne okolic. Poniżej pkt o współ.: 50.0664,19.9561
Jeśli nie poznajesz, to zobacz na mapie. https://t.co/h3NJIgtSUi https://t.co/cWHpmtD9BF",0,0,21,213,http://pbs.twimg.com/media/E0FWzwgWUAYRBMa.jpg
1384404872393633792,1387495535762984961,2021-04-28 19:54:48,"Jestem botem, który co ca. 30 min. wybiera losowo punkt w #Krakow.ie i pobiera zdjęcie satelitarne okolic. Poniżej pkt o współ.: 50.088,20.0883
Jeśli nie poznajesz, to zobacz na mapie. https://t.co/yYeEWC8q8v https://t.co/jRwSeqkDXD",0,0,21,214,http://pbs.twimg.com/media/E0Ff1iWXMAgQ_dS.jpg
1384404872393633792,1387510629225873410,2021-04-28 20:54:47,"Jestem botem, który co ca. 30 min. wybiera losowo punkt w #Krakow.ie i pobiera zdjęcie satelitarne okolic. Poniżej pkt o współ.: 50.0981,20.0194
Jeśli nie poznajesz, to zobacz na mapie. https://t.co/axj4Qy233H https://t.co/laOycDriWH",0,0,22,215,http://pbs.twimg.com/media/E0FtkE_XIA0vgpw.jpg
1384404872393633792,1387642905121021953,2021-04-29 05:40:24,"Jestem botem, który co ca. 30 min. wybiera losowo punkt w #Krakow.ie i pobiera zdjęcie satelitarne okolic. Poniżej pkt o współ.: 50.0237,20.0842
Jeśli nie poznajesz, to zobacz na mapie. https://t.co/S2gy3bG4nL https://t.co/BzVL8XZ5xF",0,0,23,216,http://pbs.twimg.com/media/E0Hl3kSVUAAEubU.jpg
1384404872393633792,1387646619093323777,2021-04-29 05:55:09,"Jestem botem, który co ca. 30 min. wybiera losowo punkt w #Krakow.ie i pobiera zdjęcie satelitarne okolic. Poniżej pkt o współ.: 50.1118,20.0206
Jeśli nie poznajesz, to zobacz na mapie. https://t.co/aAtXNUYsaM https://t.co/9xAHoHroNx",0,0,24,217,http://pbs.twimg.com/media/E0HpPv8VUAAZuVd.jpg
1384404872393633792,1387664021118193665,2021-04-29 07:04:18,"Jestem botem, który co ca. 30 min. wybiera losowo punkt w #Krakow.ie i pobiera zdjęcie satelitarne okolic. Poniżej pkt o współ.: 50.1107,20.1332
Jeśli nie poznajesz, to zobacz na mapie. https://t.co/XoQZO3n4lW https://t.co/tlaGJNTRQR",0,0,24,218,http://pbs.twimg.com/media/E0H5EuQWQAAenlZ.jpg
1384404872393633792,1387676143239802882,2021-04-29 07:52:28,"Jestem botem, który co ca. 30 min. wybiera losowo punkt w #Krakow.ie i pobiera zdjęcie satelitarne okolic. Poniżej pkt o współ.: 50.1052,19.9395
Jeśli nie poznajesz, to zobacz na mapie. https://t.co/AQrMmAfUve https://t.co/mjkKNBOlo8",0,0,24,219,http://pbs.twimg.com/media/E0IEGSuWEAQGfmM.jpg
1384404872393633792,1387693119202803712,2021-04-29 08:59:56,"Jestem botem, który co ca. 30 min. wybiera losowo punkt w #Krakow.ie i pobiera zdjęcie satelitarne okolic. Poniżej pkt o współ.: 50.0919,20.2159
Jeśli nie poznajesz, to zobacz na mapie. https://t.co/1h1cnefbse https://t.co/AcByLDIZjr",0,0,24,220,http://pbs.twimg.com/media/E0ITibaWUAAIFRN.jpg
1384404872393633792,1387708700941455361,2021-04-29 10:01:51,"Jestem botem, który co ca. 30 min. wybiera losowo punkt w #Krakow.ie i pobiera zdjęcie satelitarne okolic. Poniżej pkt o współ.: 50.1067,19.9549
Jeśli nie poznajesz, to zobacz na mapie. https://t.co/aMFgxzK6ew https://t.co/ClMGD2oN5D",0,0,24,221,http://pbs.twimg.com/media/E0IhtacUUAAAclM.jpg
1384404872393633792,1387722667235717120,2021-04-29 10:57:21,"Jestem botem, który co ca. 30 min. wybiera losowo punkt w #Krakow.ie i pobiera zdjęcie satelitarne okolic. Poniżej pkt o współ.: 50.0026,20.1448
Jeśli nie poznajesz, to zobacz na mapie. https://t.co/fe7a85U5kD https://t.co/2b094e4yAG",0,0,24,222,http://pbs.twimg.com/media/E0IuaXWXsAAzPDr.jpg
1384404872393633792,1387736524641509379,2021-04-29 11:52:25,"Jestem botem, który co ca. 30 min. wybiera losowo punkt w #Krakow.ie i pobiera zdjęcie satelitarne okolic. Poniżej pkt o współ.: 49.9927,19.8314
Jeśli nie poznajesz, to zobacz na mapie. https://t.co/SQkXbDv81Q https://t.co/KgojcEfWKb",0,0,24,223,http://pbs.twimg.com/media/E0I7A-0WEAMisFS.jpg
1384404872393633792,1387757860239589381,2021-04-29 13:17:11,"Jestem botem, który co ca. 30 min. wybiera losowo punkt w #Krakow.ie i pobiera zdjęcie satelitarne okolic. Poniżej pkt o współ.: 50.1117,19.9187
Jeśli nie poznajesz, to zobacz na mapie. https://t.co/hIFkDd0SwL https://t.co/p13TmPTeey",0,0,24,224,http://pbs.twimg.com/media/E0JOa0KXoAEOivH.jpg
1384404872393633792,1387767530102603781,2021-04-29 13:55:37,"Jestem botem, który co ca. 30 min. wybiera losowo punkt w #Krakow.ie i pobiera zdjęcie satelitarne okolic. Poniżej pkt o współ.: 50.0477,19.8531
Jeśli nie poznajesz, to zobacz na mapie. https://t.co/rSpIXUHfuW https://t.co/MtfW7FI94M",0,0,24,225,http://pbs.twimg.com/media/E0JXNuXX0Ag7Abt.jpg
1384404872393633792,1387781979710660612,2021-04-29 14:53:02,"Jestem botem, który co ca. 30 min. wybiera losowo punkt w #Krakow.ie i pobiera zdjęcie satelitarne okolic. Poniżej pkt o współ.: 50.0519,19.8592
Jeśli nie poznajesz, to zobacz na mapie. https://t.co/u7vDeAkypi https://t.co/WoObQTj2sb",0,0,24,226,http://pbs.twimg.com/media/E0JkWwyWYAM6_Eq.jpg
1384404872393633792,1387799353885143040,2021-04-29 16:02:04,"Jestem botem, który co ca. 30 min. wybiera losowo punkt w #Krakow.ie i pobiera zdjęcie satelitarne okolic. Poniżej pkt o współ.: 49.9901,20.2101
Jeśli nie poznajesz, to zobacz na mapie. https://t.co/tcZBAqsYSQ https://t.co/RMVkJwv7zJ",0,0,24,227,http://pbs.twimg.com/media/E0J0KEiWQAAKijH.jpg
1384404872393633792,1387821722515148806,2021-04-29 17:30:57,"Jestem botem, który co ca. 30 min. wybiera losowo punkt w #Krakow.ie i pobiera zdjęcie satelitarne okolic. Poniżej pkt o współ.: 50.086,20.2065
Jeśli nie poznajesz, to zobacz na mapie. https://t.co/hDhbtZXPS7 https://t.co/4pnvdTENV7",0,0,24,228,http://pbs.twimg.com/media/E0KIgJEWEAUm9bi.jpg
1384404872393633792,1387833033181569025,2021-04-29 18:15:54,"Jestem botem, który co ca. 30 min. wybiera losowo punkt w #Krakow.ie i pobiera zdjęcie satelitarne okolic. Poniżej pkt o współ.: 50.0078,19.9872
Jeśli nie poznajesz, to zobacz na mapie. https://t.co/LBCv7Ckso7 https://t.co/SLG7kWyBVR",0,0,24,229,http://pbs.twimg.com/media/E0KSyg3X0AYuJn2.jpg
1384404872393633792,1388009126312091652,2021-04-30 05:55:38,"Jestem botem, który co ca. 30 min. wybiera losowo punkt w #Krakow.ie i pobiera zdjęcie satelitarne okolic. Poniżej pkt o współ.: 50.123,20.2107
Jeśli nie poznajesz, to zobacz na mapie. https://t.co/MlwVgTVEJB https://t.co/4Dvhup2Dbe",0,0,24,230,http://pbs.twimg.com/media/E0My8fiVoAMAYwu.jpg
1384404872393633792,1388026619525206016,2021-04-30 07:05:09,"Jestem botem, który co ca. 30 min. wybiera losowo punkt w #Krakow.ie i pobiera zdjęcie satelitarne okolic. Poniżej pkt o współ.: 50.0098,19.8139
Jeśli nie poznajesz, to zobacz na mapie. https://t.co/xVdmO1hhkv https://t.co/9iW22F2xcx",0,0,24,231,http://pbs.twimg.com/media/E0NC2uRWQAAcNUa.jpg
1384404872393633792,1388038780293091328,2021-04-30 07:53:28,"Jestem botem, który co ca. 30 min. wybiera losowo punkt w #Krakow.ie i pobiera zdjęcie satelitarne okolic. Poniżej pkt o współ.: 50.0731,19.9014
Jeśli nie poznajesz, to zobacz na mapie. https://t.co/7qj8ftQ8aa https://t.co/6Vc37pixaZ",0,0,24,232,http://pbs.twimg.com/media/E0NN6kiXsAIAKwq.jpg
1384404872393633792,1388056696241655809,2021-04-30 09:04:39,"Jestem botem, który co ca. 30 min. wybiera losowo punkt w #Krakow.ie i pobiera zdjęcie satelitarne okolic. Poniżej pkt o współ.: 50.023,19.8264
Jeśli nie poznajesz, to zobacz na mapie. https://t.co/EzzocTW4MS https://t.co/oxBJfYXDhs",0,0,24,233,http://pbs.twimg.com/media/E0NeNbRXoAIBVo1.jpg
1384404872393633792,1388070647784484868,2021-04-30 10:00:06,"Jestem botem, który co ca. 30 min. wybiera losowo punkt w #Krakow.ie i pobiera zdjęcie satelitarne okolic. Poniżej pkt o współ.: 50.0632,20.1577
Jeśli nie poznajesz, to zobacz na mapie. https://t.co/4WofU7SmX0 https://t.co/FN790Tjdwo",0,0,27,234,http://pbs.twimg.com/media/E0Nq5gQXsAAMcYy.jpg
1384404872393633792,1388085150974623750,2021-04-30 10:57:44,"Jestem botem, który co ca. 30 min. wybiera losowo punkt w #Krakow.ie i pobiera zdjęcie satelitarne okolic. Poniżej pkt o współ.: 49.9984,20.0459
Jeśli nie poznajesz, to zobacz na mapie. https://t.co/yNQgOw5Hk2 https://t.co/pY670eeNOK",0,0,27,235,http://pbs.twimg.com/media/E0N4FsPWYAEijvy.jpg
1384404872393633792,1388099029301698566,2021-04-30 11:52:52,"Jestem botem, który co ca. 30 min. wybiera losowo punkt w #Krakow.ie i pobiera zdjęcie satelitarne okolic. Poniżej pkt o współ.: 50.0322,19.9936
Jeśli nie poznajesz, to zobacz na mapie. https://t.co/IMJBEzlfPH https://t.co/ZzttOfEmGd",0,0,27,236,http://pbs.twimg.com/media/E0OEthvWQAIeVPS.jpg
1384404872393633792,1388119461652176900,2021-04-30 13:14:04,"Jestem botem, który co ca. 30 min. wybiera losowo punkt w #Krakow.ie i pobiera zdjęcie satelitarne okolic. Poniżej pkt o współ.: 50.1103,19.9226
Jeśli nie poznajesz, to zobacz na mapie. https://t.co/44MtdOVc8U https://t.co/GBjJIyk1xR",0,0,27,237,http://pbs.twimg.com/media/E0OXS2PVcAILwuj.jpg
1384404872393633792,1388129948586684417,2021-04-30 13:55:44,"Jestem botem, który co ca. 30 min. wybiera losowo punkt w #Krakow.ie i pobiera zdjęcie satelitarne okolic. Poniżej pkt o współ.: 50.0382,20.0609
Jeśli nie poznajesz, to zobacz na mapie. https://t.co/f5BkHCG1BS https://t.co/6fXMkeu7SO",0,0,27,238,http://pbs.twimg.com/media/E0Og1QPX0AARPSM.jpg
1384404872393633792,1388144539509133314,2021-04-30 14:53:43,"Jestem botem, który co ca. 30 min. wybiera losowo punkt w #Krakow.ie i pobiera zdjęcie satelitarne okolic. Poniżej pkt o współ.: 50.1259,19.9101
Jeśli nie poznajesz, to zobacz na mapie. https://t.co/500cmSewfx https://t.co/aH2Cyefjys",0,0,27,239,http://pbs.twimg.com/media/E0OuGjxXIAAZBZU.jpg
1384404872393633792,1388162007728230404,2021-04-30 16:03:08,"Jestem botem, który co ca. 30 min. wybiera losowo punkt w #Krakow.ie i pobiera zdjęcie satelitarne okolic. Poniżej pkt o współ.: 50.0824,20.2088
Jeśli nie poznajesz, to zobacz na mapie. https://t.co/SPlrr5mgPf https://t.co/HpD9DkoZkc",0,0,27,240,http://pbs.twimg.com/media/E0O9_WhVUAAi_7u.jpg
1384404872393633792,1388183892750909450,2021-04-30 17:30:05,"Jestem botem, który co ca. 30 min. wybiera losowo punkt w #Krakow.ie i pobiera zdjęcie satelitarne okolic. Poniżej pkt o współ.: 49.9705,19.881
Jeśli nie poznajesz, to zobacz na mapie. https://t.co/nVnWZYkxlw https://t.co/hixdOKby2u",0,0,27,241,http://pbs.twimg.com/media/E0PR5OYXEAAe6lW.jpg
1384404872393633792,1388195123926913029,2021-04-30 18:14:43,"Jestem botem, który co ca. 30 min. wybiera losowo punkt w #Krakow.ie i pobiera zdjęcie satelitarne okolic. Poniżej pkt o współ.: 50.0767,19.8727
Jeśli nie poznajesz, to zobacz na mapie. https://t.co/Fso5nzfP5M https://t.co/ajo0W7TxoZ",0,0,27,242,http://pbs.twimg.com/media/E0PcG9GWYA833oR.jpg
1384404872393633792,1388208258133889025,2021-04-30 19:06:55,"Jestem botem, który co ca. 30 min. wybiera losowo punkt w #Krakow.ie i pobiera zdjęcie satelitarne okolic. Poniżej pkt o współ.: 50.0297,19.8584
Jeśli nie poznajesz, to zobacz na mapie. https://t.co/VdMXuNC8Zk https://t.co/a74jtR9qwl",0,0,27,243,http://pbs.twimg.com/media/E0PoDeBVkAE86S4.jpg
1384404872393633792,1388371532305608704,2021-05-01 05:55:42,"Jestem botem, który co ca. 30 min. wybiera losowo punkt w #Krakow.ie i pobiera zdjęcie satelitarne okolic. Poniżej pkt o współ.: 50.0244,19.9263
Jeśli nie poznajesz, to zobacz na mapie. https://t.co/ZLbVqczM27 https://t.co/OL1pP53SbD",0,0,27,244,http://pbs.twimg.com/media/E0R8jSpXMAEj0PK.jpg
1384404872393633792,1388389074289954817,2021-05-01 07:05:24,"Jestem botem, który co ca. 30 min. wybiera losowo punkt w #Krakow.ie i pobiera zdjęcie satelitarne okolic. Poniżej pkt o współ.: 50.0711,19.8245
Jeśli nie poznajesz, to zobacz na mapie. https://t.co/VWayhFCUTM https://t.co/GlAfs8hn5f",0,0,27,245,http://pbs.twimg.com/media/E0SMgVwWYAMFps7.jpg
1384404872393633792,1388401230322409473,2021-05-01 07:53:43,"Jestem botem, który co ca. 30 min. wybiera losowo punkt w #Krakow.ie i pobiera zdjęcie satelitarne okolic. Poniżej pkt o współ.: 49.969,20.1111
Jeśli nie poznajesz, to zobacz na mapie. https://t.co/8K7qSJtekC https://t.co/OddgDcZkeW",0,0,27,246,http://pbs.twimg.com/media/E0SXj8dUYAEhu85.jpg
1384404872393633792,1388419029597974528,2021-05-01 09:04:26,"Jestem botem, który co ca. 30 min. wybiera losowo punkt w #Krakow.ie i pobiera zdjęcie satelitarne okolic. Poniżej pkt o współ.: 49.9825,19.9913
Jeśli nie poznajesz, to zobacz na mapie. https://t.co/vsof1liISm https://t.co/lB1JNHGzxf",0,0,27,247,http://pbs.twimg.com/media/E0Snv-MVgAEdsNq.jpg
1384404872393633792,1388432758473625600,2021-05-01 09:59:00,"Jestem botem, który co ca. 30 min. wybiera losowo punkt w #Krakow.ie i pobiera zdjęcie satelitarne okolic. Poniżej pkt o współ.: 50.0378,19.8222
Jeśli nie poznajesz, to zobacz na mapie. https://t.co/aMwRcLDN34 https://t.co/0fLWedYr8O",0,0,27,248,http://pbs.twimg.com/media/E0S0PGMWQAI3WGW.jpg
1384404872393633792,1388447725943992321,2021-05-01 10:58:28,"Jestem botem, który co ca. 30 min. wybiera losowo punkt w #Krakow.ie i pobiera zdjęcie satelitarne okolic. Poniżej pkt o współ.: 49.9947,20.0312
Jeśli nie poznajesz, to zobacz na mapie. https://t.co/FLD7k40mGN https://t.co/VbDlHgfYb1",0,0,27,249,http://pbs.twimg.com/media/E0TB2VMXEAEW-cu.jpg
1384404872393633792,1388461648478801920,2021-05-01 11:53:48,"Jestem botem, który co ca. 30 min. wybiera losowo punkt w #Krakow.ie i pobiera zdjęcie satelitarne okolic. Poniżej pkt o współ.: 50.0167,19.9503
Jeśli nie poznajesz, to zobacz na mapie. https://t.co/n7f7qtWynZ https://t.co/i07PUvE7G8",0,0,27,250,http://pbs.twimg.com/media/E0TOgrZVEAIxXoO.jpg
1384404872393633792,1388481893922918400,2021-05-01 13:14:14,"Jestem botem, który co ca. 30 min. wybiera losowo punkt w #Krakow.ie i pobiera zdjęcie satelitarne okolic. Poniżej pkt o współ.: 50.0675,20.0191
Jeśli nie poznajesz, to zobacz na mapie. https://t.co/qw18Zf5oau https://t.co/fD7Y74U6WZ",0,0,27,251,http://pbs.twimg.com/media/E0Tg7LCXsAIRUbH.jpg
1384404872393633792,1388492457990529026,2021-05-01 13:56:13,"Jestem botem, który co ca. 30 min. wybiera losowo punkt w #Krakow.ie i pobiera zdjęcie satelitarne okolic. Poniżej pkt o współ.: 50.1075,20.0216
Jeśli nie poznajesz, to zobacz na mapie. https://t.co/WpZ9Wi3j0I https://t.co/Aor6PKl8Yy",0,0,27,252,http://pbs.twimg.com/media/E0TqiD8VoAMB6_f.jpg
1384404872393633792,1388506947691761669,2021-05-01 14:53:48,"Jestem botem, który co ca. 30 min. wybiera losowo punkt w #Krakow.ie i pobiera zdjęcie satelitarne okolic. Poniżej pkt o współ.: 50.1232,20.0163
Jeśli nie poznajesz, to zobacz na mapie. https://t.co/2plyrbuApB https://t.co/SqFcdWEcMC",0,0,27,253,http://pbs.twimg.com/media/E0T3thBUUAQ71ca.jpg
1384404872393633792,1388524430196764673,2021-05-01 16:03:16,"Jestem botem, który co ca. 30 min. wybiera losowo punkt w #Krakow.ie i pobiera zdjęcie satelitarne okolic. Poniżej pkt o współ.: 50.099,20.1348
Jeśli nie poznajesz, to zobacz na mapie. https://t.co/DgDDeCln0Z https://t.co/2utyVRvyl9",0,0,27,254,http://pbs.twimg.com/media/E0UHnH-UYAQYklv.jpg
1384404872393633792,1388546293048385537,2021-05-01 17:30:08,"Jestem botem, który co ca. 30 min. wybiera losowo punkt w #Krakow.ie i pobiera zdjęcie satelitarne okolic. Poniżej pkt o współ.: 50.0584,20.1566
Jeśli nie poznajesz, to zobacz na mapie. https://t.co/EfueK8c3Om https://t.co/bbN5np8aTO",0,0,27,255,http://pbs.twimg.com/media/E0UbfslVkAASz__.jpg
1384404872393633792,1388557520105521166,2021-05-01 18:14:45,"Jestem botem, który co ca. 30 min. wybiera losowo punkt w #Krakow.ie i pobiera zdjęcie satelitarne okolic. Poniżej pkt o współ.: 50.1088,20.134
Jeśli nie poznajesz, to zobacz na mapie. https://t.co/K8hq4cNDzW https://t.co/Tnm8bWli78",0,0,27,256,http://pbs.twimg.com/media/E0UltNcWQAArr2x.jpg
1384404872393633792,1388570533202104322,2021-05-01 19:06:28,"Jestem botem, który co ca. 30 min. wybiera losowo punkt w #Krakow.ie i pobiera zdjęcie satelitarne okolic. Poniżej pkt o współ.: 50.0181,19.8593
Jeśli nie poznajesz, to zobacz na mapie. https://t.co/mKLneBtPug https://t.co/9Vuoy5S9Lw",0,0,27,257,http://pbs.twimg.com/media/E0UxiqSXsAMXZHq.jpg
1384404872393633792,1388734039176056835,2021-05-02 05:56:11,"Jestem botem, który co ca. 30 min. wybiera losowo punkt w #Krakow.ie i pobiera zdjęcie satelitarne okolic. Poniżej pkt o współ.: 50.0368,20.1984
Jeśli nie poznajesz, to zobacz na mapie. https://t.co/RfRlnie5ai https://t.co/VbSW3ZoQcX",0,0,27,258,http://pbs.twimg.com/media/E0XGP8gVcAMOrLg.jpg
1384404872393633792,1388751574860582912,2021-05-02 07:05:51,"Jestem botem, który co ca. 30 min. wybiera losowo punkt w #Krakow.ie i pobiera zdjęcie satelitarne okolic. Poniżej pkt o współ.: 50.0552,19.972
Jeśli nie poznajesz, to zobacz na mapie. https://t.co/u0JyZohKAv https://t.co/zoeQaMojNi",0,0,27,259,http://pbs.twimg.com/media/E0XWMpwVEAMlIl6.jpg
1384404872393633792,1388763567021690886,2021-05-02 07:53:31,"Jestem botem, który co ca. 30 min. wybiera losowo punkt w #Krakow.ie i pobiera zdjęcie satelitarne okolic. Poniżej pkt o współ.: 50.0673,20.1893
Jeśli nie poznajesz, to zobacz na mapie. https://t.co/RZrTFs7ltn https://t.co/VFJIP1eU02",0,0,27,260,http://pbs.twimg.com/media/E0XhGtBVEAAIaNa.jpg
